DateTime,Title,Summary,Source,URL
2024-12-03,윤석열 대통령 비상계엄 선포,윤석열 대통령이 12월 3일 밤 10시 27분 긴급 대국민담화를 통해 '종북 반국가 세력을 일거에 척결하고 자유 헌정질서를 지키기 위함'이라는 명분으로 비상계엄령을 선포했다. 국회와 지방의회의 활동을 포함해 모든 정치 활동이 금지되었으며 언론의 자유도 정지한다는 내용이 포고령에 포함되었다. 계엄군과 경찰은 국회 장악을 시도했으나 국회의원들이 본회의장에 진입해 계엄령 해제를 의결했다.,나무위키,https://namu.wiki/w/2024년_대한민국_비상계엄
2024-12-04,국회 계엄 해제 결의안 통과,"12월 4일 오전 1시 1분 본회의장 진입에 성공한 190명의 의원 전원이 계엄령 해제를 요구하는 결의안을 만장일치로 통과시켰다. 우원식 국회의장은 ""비상계엄 선포는 무효""라고 선언했으며 군과 경찰에게 즉시 국회를 떠날 것을 요구했다. 이재명 민주당 대표는 윤석열의 계엄 선포를 ""불법 행위""라고 규정했다.",위키백과,https://ko.wikipedia.org/wiki/2024년_대한민국_비상계엄
2024-12-04,윤석열 계엄 해제 선언,윤석열 대통령이 12월 4일 새벽 4시 27분 국회의 계엄 해제 요구를 수용하여 비상계엄을 해제한다고 발표했다. 6시간여 만에 계엄령이 해제되었으며 계엄사령부도 해산되었다. 그러나 야당은 즉각 탄핵 절차를 시작하겠다고 발표했다.,AP News,https://apnews.com/article/south-korea-yoon-martial-law-997c22ac93f6a9bece68454597e577c1
2024-12-04,야당 탄핵소추안 제출,더불어민주당 등 6개 야당 191명 의원이 국회 의안과를 방문하여 윤석열 대통령 탄핵소추안을 제출했다. 탄핵 사유로 위헌적 계엄 선포와 국헌 문란의 내란 행위를 지목했다. 국회는 12월 7일 표결을 예정했다.,위키문헌,https://ko.wikisource.org/wiki/대통령(윤석열)_탄핵소추안_(2024년_12월_12일)
2024-12-04,리얼미터 여론조사 탄핵 찬성 73.6%,리얼미터 여론조사에서 응답자의 73.6%가 윤석열 대통령 탄핵에 찬성하며 69.5%가 계엄 선포를 내란죄에 해당한다고 답했다. 전 연령과 전 지역에서 탄핵 찬성 여론이 우세했으며 보수층에서도 찬성이 50.4%로 근소하게 앞섰다.,나무위키,https://namu.wiki/w/윤석열 대통령 탄핵소추
2024-12-04,시민단체 탄핵 촉구 성명,대한변호사협회와 청소년인권운동연대 등 시민단체들이 윤석열 대통령의 탄핵을 요구하는 시국선언을 발표했다. 전국 각 대학교와 종교계도 비상계엄을 규탄하며 탄핵을 촉구했다. 시민사회 전반에서 민주주의 수호를 위한 탄핵 요구가 확산되었다.,위키백과,https://ko.wikipedia.org/wiki/2024년_윤석열_대통령_탄핵_운동
2024-12-04,Human Rights Watch 탄핵 지지 성명,"국제인권단체 휴먼라이츠워치가 윤석열의 계엄 선포를 '권력 남용'으로 규정하고 국회의 탄핵 추진을 민주주의와 법치 강화로 평가했다. 아시아 디렉터는 ""한국인들의 법치와 민주주의에 대한 광범위한 지지를 반영한다""고 논평했다.",Human Rights Watch,https://www.hrw.org/news/2024/12/15/south-korea-president-impeached-abuse-power
2024-12-05,국방부 장관 사퇴,계엄령 선포를 건의한 김용현 국방부 장관이 사퇴했다. 그는 계엄군의 행동에 대해 사과하고 모든 책임을 지겠다고 밝혔다. 경찰은 김 장관을 내란 혐의로 수사에 착수했으며 출국금지 조치를 내렸다.,Al Jazeera,https://www.aljazeera.com/news/2024/12/5/south-koreas-defence-minister-resigns-after-martial-law-crisis-report
2024-12-05,검찰 윤석열 내란죄 수사 착수,검찰이 윤석열 대통령에 대해 내란죄 혐의로 수사에 착수했다. 야당과 시민단체가 제기한 내란 고발을 받아들여 본격 수사에 나섰다. 계엄 선포와 국회 봉쇄 시도가 헌법을 위반한 내란 행위에 해당한다는 혐의다.,한겨레,https://www.hani.co.kr/arti/politics/politics_general/1170636.html
2024-12-06,한동훈 탄핵 찬성 선회,"국민의힘 한동훈 대표가 계엄 당시 정치인 체포 지시가 확인됐다며 사실상 탄핵 찬성 입장으로 선회했다. 그는 ""윤 대통령의 직무를 즉각 정지시켜야 한다""고 밝혀 여당 내 균열이 가시화됐다. 조경태 의원도 탄핵 찬성을 공개 선언했다.",BBC,https://www.bbc.com/news/articles/cy8y7ggm89lo
2024-12-06,전국 탄핵 촉구 집회 확산,전국 각지에서 윤석열 퇴진을 요구하는 대규모 집회가 열렸다. 서울 여의도를 비롯해 대구 부산 대전 등 주요 도시에서 시민들이 탄핵을 촉구했다. 집회 참가자들은 민주주의 수호와 헌정질서 회복을 외쳤다.,나무위키,https://namu.wiki/w/2024년 윤석열 탄핵 촉구 집회
2024-12-07,윤석열 대국민 사과,"윤석열 대통령이 계엄 선포에 대해 사과하며 ""다시는 계엄을 선포하지 않겠다""고 약속했다. 하지만 사퇴나 탄핵에 대해서는 언급하지 않아 야당은 ""실망스러운 사과""라고 비판했다. 시민들의 탄핵 요구는 더욱 거세졌다.",Voice of America,https://www.voanews.com/a/ahead-of-impeachment-vote-yoon-apologizes-for-anxiety-over-martial-law-decree-/7890651.html
2024-12-07,1차 탄핵 표결 무산,국회에서 진행된 1차 탄핵 표결이 국민의힘 의원 대부분의 불참으로 의결정족수 미달로 무산됐다. 재석 195명으로 200명에 미치지 못했다. 야당은 매주 탄핵안을 발의하겠다고 선언했으며 시민들은 국민의힘에 분노했다.,위키백과,https://ko.wikipedia.org/wiki/윤석열_대통령_탄핵소추
2024-12-08,김용현 전 장관 긴급체포,김용현 전 국방장관이 내란 혐의로 긴급체포됐다. 그는 계엄 선포를 건의하고 군을 동원해 국회를 봉쇄하려 한 혐의를 받는다. 체포 후 구치소에서 자살 시도를 했으나 실패했다고 전해졌다.,The Korea Herald,https://www.koreaherald.com/view.php?ud=20241208050001
2024-12-08,해외 언론 K-팝 응원봉 시위 주목,로이터 블룸버그 등 외신이 한국 탄핵 시위의 핵심 도구가 촛불에서 K-팝 응원봉으로 바뀐 점을 주목했다. SNS에서는 윤석열을 비판하는 밈과 AI 영상이 인기를 얻었다. 평화적이면서도 창의적인 시위 문화가 세계적 관심을 받았다.,위키백과,https://ko.wikipedia.org/wiki/2024년_윤석열_대통령_탄핵_운동
2024-12-09,법무부 윤석열 출국금지,법무부가 윤석열 대통령에 대해 출국금지 조치를 내렸다. 계엄 선포와 관련한 내란 혐의 수사를 위한 조치로 현직 대통령에 대한 출국금지는 헌정 사상 초유의 일이다. 공수처도 수사에 착수했다.,France 24,https://www.france24.com/en/asia-pacific/20241231-south-korean-court-issues-arrest-warrant-for-impeached-president-yoon
2024-12-09,울산 집회 여성 폭행 사건,"울산 탄핵 촉구 집회에서 10대 남성이 집회 참가 여성 2명을 폭행하는 사건이 발생했다. 가해자는 ""시끄럽다""며 유인물을 배부하던 여성들을 공격했다. 경찰은 가해자를 체포해 조사 중이며 평화 시위를 방해하는 행위에 대한 우려가 제기됐다.",연합뉴스,https://www.yna.co.kr/view/AKR20241209003600315
2024-12-10,국회 특검법 통과,국회가 윤석열 대통령의 내란 혐의를 수사할 특별검사법을 통과시켰다. 재석 의원 210명이 찬성했으며 국민의힘 의원 23명도 찬성표를 던졌다. 특검은 계엄 선포의 위법성과 내란 혐의를 집중 수사할 예정이다.,The Korea Times,https://www.koreatimes.co.kr/www/nation/2024/12/356_388133.html
2024-12-10,CSIS 헌재 심판 전망 분석,미국 전략국제문제연구소(CSIS)가 한국 헌재의 탄핵 심판 전망을 분석했다. 현재 6명의 재판관 구성과 정치적 성향을 고려할 때 탄핵 인용 가능성이 높다고 평가했다. 180일 이내 결정이 한국 민주주의의 시험대가 될 것이라고 전망했다.,CSIS,https://www.csis.org/analysis/next-critical-step-south-koreas-impeachment-constitutional-court
2024-12-11,군 지휘관들 계엄 명령 거부 증언,"특전사령관 등 군 지휘관들이 국회에서 ""의원 끌어내라""는 명령을 거부했다고 증언했다. 일선 군인들도 계엄 임무에 소극적으로 임했으며 일부는 편의점에서 시간을 보냈다고 전해졌다. 군 내부의 저항이 계엄 실패의 주요 원인으로 지목됐다.",The Korea Herald,https://www.koreaherald.com/view.php?ud=20241210050100
2024-12-11,대통령실 압수수색,경찰과 검찰이 대통령실에 대한 압수수색을 시도했으나 경호처의 저항으로 제한적 자료만 확보했다. 계엄 관련 문서와 통신 기록 확보가 목적이었으나 협조 거부로 난항을 겪었다. 수사 방해 논란이 일었다.,Guardian,https://www.theguardian.com/world/2024/dec/11/south-korea-martial-law-protests
2024-12-12,"윤석열 ""끝까지 싸우겠다"" 선언","윤석열 대통령이 대국민 담화에서 계엄 선포를 ""정당한 통치행위""라고 주장하며 ""끝까지 싸우겠다""고 선언했다. 야당의 국정 마비를 계엄 명분으로 내세웠으며 탄핵에 불복하겠다는 의지를 표명했다. 여론은 더욱 악화됐다.",New York Times,https://www.nytimes.com/2024/12/11/world/asia/yoon-south-korea-martial-law.html
2024-12-12,한동훈 탄핵 찬성 공식화,한동훈 국민의힘 대표가 윤석열 탄핵 찬성을 공식화하고 당내 의원들에게 양심에 따른 투표를 촉구했다. 서울시장 오세훈 등 지방자치단체장들도 탄핵 지지를 선언했다. 여당 내 탄핵 찬성 세력이 확대됐다.,연합뉴스,https://en.yna.co.kr/view/AEN20241212003152315
2024-12-12,2차 탄핵안 발의,야당이 2차 탄핵소추안을 발의했다. 1차안에서 논란이 된 표현들을 삭제하고 내란 직접 지시와 거부권 남용 등을 추가했다. 14일 표결 예정이며 여당 이탈표 확보가 관건으로 지목됐다.,Korea JoongAng Daily,https://koreajoongangdaily.joins.com/news/2024-12-12/national/politics/Yoon-will-firmly-face-impeachment-accuses-opposition-of-paralyzing-state-affairs-in-address/2198896
2024-12-12,"선관위 ""선거 부정 근거 없다""","중앙선거관리위원회가 윤석열의 선거 부정 주장을 ""근거 없다""고 일축했다. 계엄군이 선관위를 침입한 것은 명백한 헌법 위반이며 선거 시스템은 안전하다고 밝혔다. 음모론에 기반한 계엄 명분이 허구임이 드러났다.",The Korea Herald,https://news.koreaherald.com/view.php?ud=20241212050080
2024-12-13,조지호 경찰청장 체포,조지호 경찰청장과 김봉식 서울경찰청장이 내란 혐의로 체포됐다. 계엄 당시 국회 봉쇄와 정치인 체포 지시를 이행한 혐의다. 경찰 수뇌부의 계엄 동조가 확인되며 책임자 처벌이 본격화됐다.,Yonhap,https://en.yna.co.kr/view/AEN20241213006300315
2024-12-13,헌재 재판관 논란,헌법재판소 재판관 3명 공석으로 탄핵 심판 진행에 차질이 우려됐다. 여야는 재판관 임명을 둘러싸고 대립했으며 한덕수 권한대행은 합의 없이는 임명하지 않겠다고 밝혔다. 헌재 구성 문제가 새로운 쟁점으로 부상했다.,CNN,https://www.cnn.com/2024/12/27/asia/south-korea-impeachment-vote-acting-president-intl-hnk/index.html
2024-12-13,시민들 24시간 농성,국회와 헌재 앞에서 시민들이 24시간 농성을 시작했다. 탄핵 가결을 촉구하며 밤샘 시위를 이어갔다. 추운 날씨에도 불구하고 참가자들은 민주주의 수호 의지를 보였다. 시민 참여가 정치 변화의 동력이 됐다.,한국일보,https://www.hankookilbo.com/News/Read/A2024121417010000691
2024-12-13,국제사회 우려 표명,UN과 미국 등 국제사회가 한국 상황에 우려를 표명했다. 민주주의 후퇴와 정치 불안정이 지역 안보에 미칠 영향을 걱정했다. 신속한 헌법적 해결을 촉구하며 한국 민주주의의 회복력에 기대를 표했다.,Reuters,https://www.reuters.com/world/asia-pacific/south-koreas-yoon-likely-be-held-solitary-cell-2025-01-15/
2024-12-14,여의도 200만 집회,12월 14일 여의도에서 주최 측 추산 200만명이 참가한 대규모 탄핵 촉구 집회가 열렸다. 경찰 추산으로도 24.5만명이 모여 윤석열 정부 출범 이후 최대 규모를 기록했다. K-팝 음악과 응원봉이 어우러진 평화적 시위로 진행됐다.,나무위키,https://namu.wiki/w/2024년 윤석열 탄핵 촉구 집회
2024-12-14,해외 동포 탄핵 지지 성명,전 세계 한인회와 재외동포 단체들이 탄핵 지지 성명을 발표했다. 미국 유럽 일본 등지의 동포들이 민주주의 수호를 위한 탄핵을 지지한다고 밝혔다. 해외에서도 탄핵 촉구 집회가 열렸다.,Korean Times,https://www.koreatimes.co.kr/www/nation/2024/12/113_388312.html
2024-12-14,국민의힘 내 탄핵 찬성 23명 확보,2차 탄핵 표결을 앞두고 국민의힘 내에서 최소 23명의 탄핵 찬성 의원이 확인됐다. 1차 때 3명에 불과했던 이탈표가 크게 늘어났다. 김상욱 김예지 등이 공개적으로 찬성 의사를 밝혔다.,BBC,https://www.bbc.co.uk/news/articles/c140xjv31lxo
2024-12-14,노동조합 총파업 참여,민주노총이 윤석열 퇴진을 요구하며 총파업에 돌입했다. 계엄 당시 노조 탄압 시도를 규탄하고 노동자의 정치 참여 권리를 주장했다. 전국 각지에서 노동자들이 탄핵 집회에 합류했다.,Korean Times,https://www.koreatimes.co.kr/www/nation/2024/12/281_387711.html
2024-12-14,탄핵 표결 직전 긴장 고조,"국회 본회의장 앞에 시민들이 운집하며 탄핵 가결을 촉구했다. 국민의힘 의원들에게 ""역사의 심판을 받으라""고 외쳤다. 경찰은 만일의 사태에 대비해 경계를 강화했다. 정치적 운명이 결정될 순간이 다가왔다.",한겨레,https://www.hani.co.kr/arti/politics/politics_general/1172042.html
2024-12-14,탄핵안 가결 204표 찬성,국회가 윤석열 대통령 탄핵소추안을 가결했다. 찬성 204표 반대 85표 기권 3표 무효 8표로 통과됐다. 국민의힘에서 최소 12명이 찬성표를 던진 것으로 분석됐다. 윤석열은 즉시 직무정지되고 한덕수 총리가 권한대행을 맡았다.,Wikipedia,https://en.wikipedia.org/wiki/Impeachment_of_Yoon_Suk_Yeol
2024-12-14,시민들 환호와 눈물,"탄핵 가결 소식에 국회 앞 시민들이 환호성을 질렀다. 많은 이들이 감격의 눈물을 흘렸으며 태극기를 흔들며 ""민주주의 만세""를 외쳤다. 평화적 시민 참여가 정치 변화를 이끌어낸 역사적 순간이었다.",한국일보,https://www.hankookilbo.com/News/Read/A2024121417010000691
2024-12-14,"헌재 ""신속 공정 심리"" 약속",문형배 헌법재판소장 권한대행이 탄핵 심판을 신속하고 공정하게 진행하겠다고 밝혔다. 180일 이내에 결정해야 하며 0순위로 처리할 것이라고 했다. 이미선 정형식 재판관을 주심으로 지정했다.,나무위키,https://namu.wiki/w/윤석열 대통령 탄핵 심판
2024-12-14,"윤석열 ""헌재에서 싸우겠다""","윤석열이 탄핵 가결 후 ""헌법재판소에서 정당성을 입증하겠다""고 밝혔다. 계엄 선포의 정당성을 끝까지 주장하며 불복 의사를 표명했다. 지지자들에게 ""함께 싸워달라""고 호소했다.",Korea Herald,https://news.koreaherald.com/view.php?ud=20241214050037
2024-12-14,국제사회 환영 논평,"미국 영국 EU 등이 한국 국회의 민주적 결정을 환영했다. ""한국 민주주의의 성숙함을 보여줬다""고 평가했다. 신속한 헌법적 절차 진행과 정치 안정 회복을 기대한다고 밝혔다.",Financial Times,https://www.ft.com/content/a13a7978-6fbe-4f44-9c78-1fc066d8a88b
2024-12-15,탄핵 반대 집회 충돌,"광화문에서 탄핵 반대 집회가 열려 탄핵 찬성 시민들과 충돌했다. 전광훈 목사 등이 주도한 집회에서 ""부정선거"" ""종북 세력"" 등의 주장이 나왔다. 경찰이 양측을 분리하며 물리적 충돌을 막았다.",위키백과,https://ko.wikipedia.org/wiki/2024년_윤석열_대통령_탄핵_반대운동
2024-12-15,헌재 첫 준비기일 12월 27일,헌법재판소가 12월 27일 첫 준비기일을 열기로 했다. 양측의 주장을 듣고 증거와 증인을 정리할 예정이다. 탄핵 심판의 본격적인 시작을 알리는 절차다.,나무위키,https://namu.wiki/w/윤석열 대통령 탄핵 심판/진행내역
2024-12-15,정치권 차기 대선 움직임,탄핵 가결로 60일 내 대선이 예상되며 정치권이 술렁였다. 이재명 한동훈 등 유력 주자들의 행보에 관심이 쏠렸다. 정치 지형 재편과 새로운 리더십에 대한 기대가 높아졌다.,카네기국제평화재단,https://carnegieendowment.org/research/2025/04/yoons-impeachment-and-south-koreas-future?lang=en
2024-12-15,여야 헌재 재판관 임명 합의,여야가 헌재 재판관 3명 임명에 합의했다. 국회 추천 몫으로 여당 1명 야당 2명을 임명하기로 했다. 9인 완전 체제로 탄핵 심판을 진행할 수 있게 됐다. 헌재 구성 완료로 공정성 논란이 해소됐다.,Yonhap,https://en.yna.co.kr/view/AEN20241215005100315
2024-12-15,탄핵 가결 후 원화 강세,탄핵 가결 후 정치 불확실성 해소 기대로 원화가 강세를 보였다. 달러 대비 1420원대로 하락했으며 주식시장도 안정세를 찾았다. 경제계는 조속한 정치 안정을 촉구했다.,Bloomberg,https://www.bloomberg.com/news/articles/2024-12-02/south-korea-budget-tussle-tests-yoon-ahead-of-trump-s-return
2024-12-15,군 지휘부 대규모 교체,국방부가 계엄 관련 지휘관들을 대거 교체했다. 특전사령관 수도방위사령관 등이 보직 해임됐다. 군의 정치 중립 원칙을 재확인하고 신뢰 회복에 나섰다. 문민통제 강화 조치가 시행됐다.,Korea Times,https://www.koreatimes.co.kr/www/nation/2024/12/205_388307.html
2024-12-15,"시민사회 ""민주주의 승리"" 선언","시민단체들이 탄핵 가결을 ""민주주의의 승리""로 평가했다. 평화적 시민 참여가 독재 시도를 막았다고 자평했다. 향후 민주주의 강화와 개혁 과제를 제시했다. 시민 의식의 성장을 확인한 사건이었다.",한겨레,https://english.hani.co.kr/arti/english_edition/e_national/1171687.html
2024-12-15,"야당 ""신속한 헌재 심판"" 촉구",민주당이 헌재에 신속한 탄핵 심판을 촉구했다. 국정 공백 최소화를 위해 조기 결정이 필요하다고 주장했다. 윤석열의 지연 전술을 경계하며 엄정한 심리를 요구했다.,서울신문,https://www.seoul.co.kr/news/politics/2024/12/20/20241220500014
2024-12-15,탄핵 가결 의미와 과제,전문가들이 탄핵 가결의 의미를 분석했다. 민주주의 회복력을 입증했지만 정치 개혁 과제가 산적하다고 지적했다. 헌법 개정과 권력구조 개편 논의가 필요하다는 의견이 제시됐다.,CSIS,https://www.csis.org/analysis/yoon-declares-martial-law-south-korea
2024-12-15,보수 진영 분열 심화,탄핵 가결로 보수 진영의 분열이 심화됐다. 친윤과 반윤으로 갈라진 국민의힘의 향후 진로가 불투명해졌다. 차기 지도부 선출과 정체성 재정립이 과제로 떠올랐다. 보수 재편이 불가피해졌다.,조선일보,https://www.chosun.com/english/national-en/2024/12/06/PQCEUXABFRBNTEYSOJRH4XEJYI/
2024-12-15,2024년 한국 민주주의 시험대,2024년 12월 3일부터 15일까지 한국은 민주주의의 시험대에 올랐다. 대통령의 위헌적 계엄 선포에 맞선 시민들의 평화적 저항이 승리했다. 국회의 신속한 대응과 시민 참여가 민주주의를 지켜냈다. 한국 민주주의의 성숙함을 세계에 보여준 13일이었다.,Economist,https://www.economist.com/leaders/2024/12/04/south-korean-president-yoon-suk-yeol-should-resign-or-be-impeached
2024-12-15,"헌법재판소, 윤석열 대통령 탄핵심판 절차 착수",헌법재판소가 휴일인 12월 15일 오전 10시 재판관 회의를 소집하여 윤석열 대통령 탄핵심판 사건 처리 일정을 논의했다. 문형배 헌법재판소장 권한대행은 사안의 중대성을 고려해 0순위로 재판과정을 진행할 것이라고 밝혔으며 12월 27일부터 청구인과 피청구인의 의견을 토대로 진행할 예정이다. 주심 재판관은 비공개하기로 결정했다.,나무위키,https://namu.wiki/w/윤석열_대통령_탄핵_심판/진행내역
2024-12-15,"국민의힘, 탄핵 가결 후 내부 갈등 심화",윤석열 대통령 탄핵소추안 가결 다음날 국민의힘 내부에서 탄핵 찬성표를 던진 의원들에 대한 비판이 거세지고 있다. 친윤계 의원들은 당론을 어긴 의원들의 징계를 요구하며 당의 결속력 약화를 우려했다. 한편 일부 의원들은 국민 여론을 무시할 수 없었다며 탄핵 찬성 결정을 옹호했다.,위키백과,https://ko.wikipedia.org/wiki/윤석열_대통령_탄핵
2024-12-16,"탄핵 반대 집회 전국 확산, '윤석열 지키기' 목소리",전광훈 목사가 이끄는 탄핵 반대 세력이 서울 광화문과 여의도 일대에서 대규모 집회를 열고 헌법재판소의 탄핵 기각을 촉구했다. 집회 참가자들은 야당의 입법독재를 규탄하며 윤석열 대통령의 계엄 선포가 정당했다고 주장했다. 경찰 추산 3만여 명이 집회에 참가했으며 일부 과격한 구호도 등장했다.,나무위키,https://namu.wiki/w/2024년_윤석열_탄핵_촉구_집회
2024-12-16,"한덕수 총리, 대통령 권한대행 첫 국무회의 주재",한덕수 국무총리가 대통령 권한대행으로서 첫 국무회의를 주재하며 국정 안정화를 강조했다. 한 총리는 외교안보 일정을 차질 없이 추진하고 경제 불안정성을 최소화하겠다고 밝혔다. 그러나 비상계엄 당시 국무회의에 참석했던 한 총리에 대한 내란 혐의 수사가 진행 중이어서 권한대행의 정당성 논란이 제기되고 있다.,나무위키,https://namu.wiki/w/한덕수_권한대행_체제/2024년_12월
2024-12-17,"경찰, 윤석열 대통령 내란 혐의 수사 공수처 이첩",경찰 국가수사본부가 윤석열 대통령의 내란 혐의 고발 사건을 고위공직자범죄수사처로 이첩했다. 공수처는 윤 대통령에 대한 첫 소환 조사를 12월 18일로 예정했으나 윤 대통령 측은 변호인 선임이 완료되지 않았다며 출석 거부 의사를 밝혔다. 이로써 수사가 장기화될 전망이다.,나무위키,https://namu.wiki/w/윤석열_정부_비상계엄/해제_이후/2024년_12월_3주차
2024-12-17,"보수단체, '부정선거 의혹' 제기하며 계엄 정당성 주장",일부 보수단체가 2024년 4월 총선에서 부정선거가 있었다며 윤석열 대통령의 계엄 선포가 이를 바로잡기 위한 정당한 조치였다고 주장했다. 이들은 선거관리위원회 서버 해킹 가능성을 제기하며 재검표를 요구했다. 그러나 선관위는 이미 국정원의 보안점검을 통해 시스템 안전성이 확인됐다고 반박했다.,나무위키,https://namu.wiki/w/윤석열_대통령_탄핵_심판/진행내역
2024-12-17,"국회, 계엄 사태 국정조사 특위 구성 논의",우원식 국회의장이 계엄 사태에 대한 국정조사 특별위원회 구성을 위해 여야에 12월 20일까지 위원 명단 제출을 요청했다. 더불어민주당은 계엄 관련자 전원에 대한 철저한 조사를 주장한 반면 국민의힘은 야당의 정치적 공세를 우려하며 신중한 접근을 요구했다. 특위 구성을 둘러싼 여야 갈등이 예상된다.,나무위키,https://namu.wiki/w/윤석열_정부_비상계엄/해제_이후/2024년_12월_3주차
2024-12-18,"윤석열 대통령, 공수처 첫 소환 불응",고위공직자범죄수사처가 윤석열 대통령에게 12월 18일 오전 10시까지 출석하라고 통보했으나 윤 대통령은 출석하지 않았다. 윤 대통령 측은 변호인단 구성이 완료되지 않았고 탄핵심판 준비가 우선이라며 불출석 사유를 밝혔다. 공수처는 재소환 여부를 검토하겠다고 밝혔다.,나무위키,https://namu.wiki/w/윤석열_정부_비상계엄/해제_이후/2024년_12월_3주차
2024-12-18,"헌재, 대통령경호처의 탄핵심판 서류 수취 거부 공개",헌법재판소가 대통령경호처가 윤석열 대통령 탄핵심판 관련 서류 수취를 거부했다고 밝혔다. 헌재는 윤 대통령 측과 법사위원장에게 12월 24일까지 입증계획과 증거목록 제출을 요구했으며 포고령 1호와 국무회의 회의록 제출도 요청했다. 이로 인해 재판 절차에 차질이 우려되고 있다.,나무위키,https://namu.wiki/w/윤석열_정부_비상계엄/해제_이후/2024년_12월_3주차
2024-12-18,"문상호 정보사령관 체포, 계엄 핵심 인물 수사 본격화",고위공직자범죄수사처와 경찰이 문상호 정보사령관을 체포했다. 문 사령관은 계엄 당시 중앙선거관리위원회 침입을 지휘한 혐의를 받고 있으며 검찰의 체포영장 불승인에도 불구하고 공수처가 재차 영장을 발부받아 체포에 성공했다. 계엄 관련 핵심 인물들에 대한 수사가 본격화되고 있다.,나무위키,https://namu.wiki/w/윤석열_정부_비상계엄/해제_이후/2024년_12월_3주차
2024-12-19,"김홍일 전 방통위원장, 윤석열 대통령 변호 맡기로",김홍일 전 방송통신위원장이 윤석열 대통령의 탄핵심판 변호를 맡기로 했다는 보도가 나왔다. 김 전 위원장은 헌법 전문가로 알려져 있으며 보수 성향의 법조인으로 분류된다. 윤 대통령 변호인단은 계엄 선포의 정당성을 입증하는 데 주력할 것으로 보인다.,나무위키,https://namu.wiki/w/윤석열_정부_비상계엄/해제_이후/2024년_12월_3주차
2024-12-19,"야당, '2차 계엄 모의' 의혹 제기",더불어민주당이 12월 4일 새벽 육군본부 장교 34명이 용산행 버스에 탔다며 2차 계엄 모의 의혹을 제기했다. 김병주 의원은 한동훈 전 대표 사살 시도 가능성도 사실로 무게를 두고 있다고 밝혔다. 국방부는 정상적인 업무 이동이었다고 해명했으나 의혹은 계속되고 있다.,나무위키,https://namu.wiki/w/윤석열_정부_비상계엄/해제_이후/2024년_12월_3주차
2024-12-20,"한덕수 권한대행, 특검법 거부권 행사 시사",권한대행 체제' 계속 협력…북한 '인권 억압' 정권이라는 제목의 VOA 보도에서 한덕수 권한대행이 내란 특검법과 김건희 특검법에 대해 공포 거부 의사를 밝혔다. 야당은 24일까지 특검법을 공포하지 않으면 즉시 책임을 묻겠다고 경고했다. 정국 혼란이 가중되고 있다.,VOA Korea,https://www.voakorea.com/a/7907984.html
2024-12-20,"헌재, 서류 송달 거부 시 우편 송달 결정",헌법재판소가 윤석열 대통령 측의 서류 수령 거부에 대응해 형사소송법의 우편 송달 규정을 적용하기로 만장일치로 결의했다. 20일 우편이 도달함에 따라 송달 효력이 발효되어 서류를 수령한 것으로 간주된다고 발표했다. 예정대로 27일에 1차 변론준비를 진행하겠다고 밝혔다.,나무위키,https://namu.wiki/w/윤석열_대통령_탄핵_심판/진행내역
2024-12-20,계엄 당시 '야간통행금지' 부활 검토 정황 드러나,조선일보가 비상계엄 당시 42년 만에 야간통행금지 부활 방안을 검토했다는 단독 보도를 냈다. 포고문 초안에는 '야간 통행을 금지한다'는 조항이 있었으나 최종 발표에서는 삭제됐다. 이는 계엄 준비가 사전에 치밀하게 계획됐음을 보여주는 증거로 해석되고 있다.,나무위키,https://namu.wiki/w/윤석열_정부_비상계엄/해제_이후/2024년_12월_3주차
2024-12-21,"이진우 수도방위사령관 구속, 계엄 지휘부 수사 확대",검찰이 이진우 수도방위사령관을 구속했다. 김용현 전 국방부 장관 여인형 방첩사령관 곽종근 특수전사령관에 이어 네 번째 구속이다. 이 사령관은 계엄 당시 국회 진입 작전을 지휘한 혐의를 받고 있으며 수사가 군 지휘부 전반으로 확대되고 있다.,나무위키,https://namu.wiki/w/윤석열_정부_비상계엄/해제_이후/2024년_12월_3주차
2024-12-21,"보수 언론, '탄핵 졸속 처리' 비판 목소리",일부 보수 언론이 야당의 탄핵소추안 처리 과정이 졸속이었다며 헌법재판소의 신중한 판단을 촉구했다. 법사위 조사 없이 탄핵안을 의결한 점과 소추 사유 변경 등을 문제 삼으며 절차적 정당성에 의문을 제기했다. 탄핵 반대 여론 결집을 시도하고 있다.,나무위키,https://namu.wiki/w/윤석열_대통령_탄핵소추
2024-12-21,조지호 경찰청장 혈액암 악화로 병원 이송,구속 중이던 조지호 경찰청장이 혈액암 악화로 경찰병원으로 긴급 이송됐다. 조 청장은 계엄 당시 경찰력을 동원해 국회 봉쇄에 가담한 혐의로 구속됐으며 건강 상태가 급격히 악화된 것으로 알려졌다. 수사에 차질이 우려되고 있다.,나무위키,https://namu.wiki/w/윤석열_정부_비상계엄/해제_이후/2024년_12월_3주차
2024-12-22,"한덕수 권한대행, 헌법재판관 3인 임명 거부 시사",윤석열 대통령 탄핵 심판이 진행 중인 가운데 한덕수 권한대행이 국회 추천 헌법재판관 3인의 임명에 대해 여야 합의가 필요하다며 사실상 거부 의사를 밝혔다. 야당은 헌정 질서 파괴 행위라며 강력 반발했고 한덕수 탄핵 추진을 경고했다. 정국 혼란이 극에 달하고 있다.,나무위키,https://namu.wiki/w/윤석열_대통령_탄핵_심판/진행내역
2024-12-22,"권성동, '민주당이 탄핵 위해 헌재 구성 지연' 주장",국민의힘 권성동 원내대표가 민주당이 헌법재판소 9인 체제가 복원되면 탄핵이 기각될 것을 우려해 고의로 재판관 임명을 지연시켰다고 주장했다. 그러나 이는 사실과 다르며 비상계엄 전인 11월 말 이미 여야 합의로 임명 절차가 진행 중이었다는 반박이 나왔다.,나무위키,https://namu.wiki/w/윤석열_대통령_탄핵_심판
2024-12-23,"국회, 헌법재판관 후보자 인사청문회 개시",국회가 헌법재판관 후보자 3인에 대한 인사청문회를 시작했다. 국민의힘은 불참했으며 야당 단독으로 청문회가 진행됐다. 정계선 조한창 마은혁 후보자는 모두 법조계 경력이 풍부하며 헌법 전문성을 인정받고 있다. 26일 본회의 표결이 예정되어 있다.,나무위키,https://namu.wiki/w/윤석열_대통령_탄핵_심판/진행내역
2024-12-23,"민주당, 한덕수 탄핵 최후통첩 '24일까지 특검법 공포하라'",더불어민주당 박찬대 원내대표가 한덕수 권한대행에게 24일까지 특검법을 공포하지 않으면 즉시 책임을 묻겠다고 경고했다. 조국혁신당은 이미 탄핵소추안을 준비 중이라고 밝혔다. 권한대행의 탄핵이 현실화되면서 정국 불안이 극도로 높아지고 있다.,나무위키,https://namu.wiki/w/한덕수_권한대행_체제/2024년_12월
2024-12-24,"대법원, '권한대행도 헌재 재판관 임명 가능' 입장 발표",대법원이 대통령 권한대행의 신임 대법관 임명은 헌법 원칙에 어긋나지 않는다는 공식 입장을 발표했다. 헌법재판소에 이어 대법원도 한덕수 권한대행이 형식적 임명권을 행사해도 문제없다고 해석했다. 그러나 한덕수는 여전히 여야 합의를 고집하고 있다.,나무위키,https://namu.wiki/w/윤석열_대통령_탄핵_심판/진행내역
2024-12-24,"헌재, '6인 체제로도 탄핵 심리 가능' 공식 입장",헌법재판소가 6인 체제에서도 탄핵 심리와 변론이 가능하다는 공식 입장을 발표하고 27일 예정된 1차 변론 준비를 예정대로 진행하겠다고 밝혔다. 석동현 변호사를 향해서는 '공식 대리인이 아니다'라고 선을 그었다. 윤 대통령 측의 지연 전략을 차단한 것으로 해석된다.,나무위키,https://namu.wiki/w/윤석열_대통령_탄핵_심판/진행내역
2024-12-24,"보수단체, 성탄절 앞두고 '윤석열 사면' 촉구 집회",성탄절을 앞두고 보수단체들이 서울 도심에서 윤석열 대통령 사면을 촉구하는 대규모 집회를 열었다. 참가자들은 좌파 쿠데타를 막기 위한 정당한 계엄이었다며 헌재의 탄핵 기각을 요구했다. 태극기와 성조기를 든 참가자들이 거리를 행진했다.,나무위키,https://namu.wiki/w/2024년_윤석열_탄핵_촉구_집회
2024-12-25,"윤석열 대통령, 공수처 2차 소환도 불응",한국 계엄·탄핵 사태 관련 VOA 보도에 따르면 고위공직자범죄수사처가 25일로 예정한 윤석열 대통령의 2차 소환 조사가 불발됐다. 윤 대통령 측은 '아직 여건이 안 된다'며 출석 거부 의사를 밝혔다. 공수처는 3차 출석 요구 또는 체포영장 청구를 검토하고 있다.,VOA Korea,https://www.voakorea.com/a/7913019.html
2024-12-25,"김용현 전 장관, '계엄은 대통령 고도의 통치행위' 주장",김용현 전 국방부 장관이 기자회견을 열어 비상계엄은 대통령의 고도의 통치행위로 사법심사 대상이 아니라고 주장했다. 그는 북한의 위협과 야당의 국정 마비를 계엄 사유로 들며 정당성을 강조했다. 법조계는 궤변이라며 일축했다.,나무위키,https://namu.wiki/w/윤석열_정부_비상계엄/해제_이후/2024년_12월_4주차
2024-12-26,"국회, 헌법재판관 3인 임명동의안 가결",국회 본회의에서 헌법재판관 3인에 대한 임명동의안이 가결됐다. 국민의힘은 표결에 불참했으며 야당 단독으로 처리됐다. 정계선 조한창 마은혁 후보자가 모두 임명 동의를 받았으나 한덕수 권한대행의 임명 거부로 실제 임명은 불투명한 상황이다.,나무위키,https://namu.wiki/w/윤석열_대통령_탄핵_심판/진행내역
2024-12-26,"한덕수 권한대행, '헌재 재판관 임명은 여야 합의 필요' 담화",한덕수 권한대행이 대국민 담화를 통해 대통령 권한대행은 헌법기관 임명을 포함한 중대한 고유 권한 행사를 자제해야 하며 불가피한 경우 국회 여야 합의가 필요하다고 밝혔다. 사실상 헌재 재판관 임명을 거부한 것으로 해석되며 야당의 강력한 반발을 샀다.,나무위키,https://namu.wiki/w/한덕수_권한대행_체제/2024년_12월
2024-12-26,"민주당, 한덕수 탄핵소추안 정식 제출",한덕수 권한대행의 헌법재판관 임명 거부에 반발한 더불어민주당이 한덕수 국무총리 탄핵소추안을 정식으로 제출했다. 이재명 대표는 '권한대행이 내란대행으로 변신했다'며 헌법기관 구성을 방해하는 국헌 문란 행위라고 비판했다. 27일 본회의 표결이 예정됐다.,VOA Korea,https://www.voakorea.com/a/7915708.html
2024-12-27,"우원식 의장, '총리 탄핵은 과반수로 가능' 판단",우원식 국회의장이 한덕수가 대통령이 아닌 국무총리 지위임을 이유로 단순 과반수인 151표로 탄핵될 수 있다고 판단했다. 국민의힘 의원들은 이에 강력 반발하며 우 의장의 사퇴를 요구했고 본회의장에서 '원천무효'를 외치며 항의했다.,위키백과,https://ko.wikipedia.org/wiki/한덕수_국무총리_탄핵소추
2024-12-27,"국회, 한덕수 권한대행 탄핵안 가결... 헌정 사상 초유",국회가 한덕수 대통령 권한대행 겸 국무총리의 탄핵소추안을 총 투표수 192표 중 찬성 192표로 가결했다. 국민의힘 의원 대부분이 표결에 불참한 가운데 야당 단독으로 처리됐다. 대통령 권한대행의 탄핵은 헌정 사상 처음이며 최상목 부총리가 권한대행을 승계했다.,민중의소리,https://vop.co.kr/A00001665668.html
2024-12-27,"최상목 부총리, '국정 혼란 최소화' 긴급 담화",탄핵으로 한덕수의 직무가 정지되자 최상목 경제부총리가 권한대행을 맡으며 긴급 담화를 발표했다. 최 부총리는 '살얼음판을 걷는 경제가 정치적 불확실성을 감당할 수 없다'며 국정 안정에 최선을 다하겠다고 밝혔다. 그러나 3선 권한대행 체제의 한계가 우려된다.,나무위키,https://namu.wiki/w/한덕수_권한대행_체제/2024년_12월
2024-12-27,"국민의힘, 헌재에 권한쟁의심판 및 효력정지 가처분 신청",국민의힘이 한덕수 탄핵 의결에 대해 헌법재판소에 권한쟁의심판 소송과 효력정지 가처분을 신청했다. 권성동 원내대표는 우원식 의장의 의결 정족수 판단이 위헌이라며 무효를 주장했다. 여야 간 헌법 해석을 둘러싼 갈등이 법정으로 번지고 있다.,위키백과,https://ko.wikipedia.org/wiki/한덕수_국무총리_탄핵소추
2024-12-28,"김용현 전 장관 구속 기소, 내란 수괴 혐의",검찰이 김용현 전 국방부 장관을 내란 수괴 혐의로 구속 기소했다. 공조본부는 수사결과 보도 참고자료를 발표하며 김 전 장관이 계엄 모의의 핵심 인물이었음을 밝혔다. 윤석열 대통령에 대한 수사도 본격화될 전망이다.,나무위키,https://namu.wiki/w/윤석열_정부_비상계엄/해제_이후/2024년_12월_4주차
2024-12-28,"공조본, 대통령 관저 압수수색 시도했으나 경호처 저지로 무산",내란 혐의를 수사 중인 공조본부가 대통령 관저와 안전가옥에 대한 압수수색을 시도했으나 대통령경호처의 저지로 무산됐다. 경호처는 경호 구역에 대한 수색은 협조할 수 없다는 입장을 밝혔다. 수사와 경호 업무 간 충돌이 발생하고 있다.,나무위키,https://namu.wiki/w/윤석열_정부_비상계엄/해제_이후/2024년_12월_4주차
2024-12-28,"보수 유튜버들, '좌파 쿠데타' 음모론 확산",일부 보수 유튜버들이 윤석열 탄핵이 좌파 세력의 쿠데타라는 음모론을 확산시키고 있다. 이들은 중국과 북한이 배후에 있다며 근거 없는 주장을 펼치고 있으며 가짜뉴스로 여론을 호도하고 있다. 방송통신심의위원회가 모니터링을 강화하고 있다.,나무위키,https://namu.wiki/w/2024년_윤석열_탄핵_촉구_집회
2024-12-29,"윤석열, 공수처 3차 소환도 거부... 체포영장 청구 임박",윤석열 대통령이 29일로 예정된 공수처의 3차 소환 조사에도 불응했다. 공수처는 더 이상의 임의 수사는 어렵다고 판단하고 체포영장 청구를 검토하고 있다. 현직 대통령에 대한 체포영장 청구는 헌정 사상 초유의 일이 될 전망이다.,나무위키,https://namu.wiki/w/윤석열_정부_비상계엄/해제_이후/2024년_12월_4주차
2024-12-29,"시민단체, '탄핵 인용' 촉구 서명운동 100만 돌파",윤석열 탄핵 인용을 촉구하는 시민단체의 온라인 서명운동이 100만 명을 돌파했다. 참여연대 등 시민단체들은 헌법재판소에 신속한 탄핵 심판을 요구하며 서명부를 전달할 예정이다. 시민사회의 탄핵 요구가 계속되고 있다.,나무위키,https://namu.wiki/w/2024년_윤석열_탄핵_촉구_집회
2024-12-29,"친윤 의원들, '탄핵 무효' 주장하며 당권 장악 시도",국민의힘 내 친윤계 의원들이 탄핵 표결이 무효라고 주장하며 당권 장악을 시도하고 있다. 이들은 탄핵에 찬성한 의원들의 징계를 요구하며 당 쇄신을 명분으로 지도부 교체를 추진 중이다. 당내 갈등이 극에 달하고 있다.,나무위키,https://namu.wiki/w/윤석열_대통령_탄핵소추
2024-12-30,"헌재, 한덕수 탄핵심판 재판관 회의 개최",헌법재판소가 한덕수 국무총리 탄핵심판 관련 재판관 회의를 열었다. 회의에서 김형두와 김복형을 수명재판관으로 김형두를 주심재판관으로 지명했다. 1월 13일 1차 변론준비기일을 열기로 결정했다.,나무위키,https://namu.wiki/w/한덕수_국무총리_탄핵_심판
2024-12-30,"극우단체, '선관위 중국인 체포' 허위 정보 유포",극우단체들이 선거관리위원회에서 중국인 99명이 체포됐다는 허위 정보를 유포하며 부정선거 음모론을 확산시키고 있다. 이는 윤석열 대통령 변호인단이 탄핵심판에서 언급한 내용으로 미국 국방부는 이를 허위로 규정했다. 가짜뉴스 확산이 우려된다.,나무위키,https://namu.wiki/w/윤석열_대통령_탄핵_심판/진행내역
2024-12-30,"헌재, 경찰·검찰·군검찰에 탄핵 관련 수사기록 요청",헌법재판소가 경찰 군검찰에 윤석열 탄핵 관련 수사기록을 요청했다. 헌재는 탄핵심판의 신속한 진행을 위해 계엄 관련 모든 수사자료를 검토할 예정이다. 일부 자료는 이미 회신받았다고 밝혔다.,나무위키,https://namu.wiki/w/윤석열_대통령_탄핵_심판/진행내역
2024-12-31,"2024년 마지막 날, 전국 각지서 탄핵 촉구 집회",2024년 마지막 날인 31일 전국 각지에서 윤석열 탄핵을 촉구하는 대규모 집회가 열렸다. 서울 광화문과 헌법재판소 앞에는 수만 명의 시민이 모여 신속한 탄핵 인용을 요구했다. 새해를 앞두고도 시민들의 민주주의 수호 의지는 계속되고 있다.,나무위키,https://namu.wiki/w/2024년_윤석열_탄핵_촉구_집회
2024-12-31,"미 의회, '한국 탄핵 사태' 보고서 발표",미국 의회 연구소(CRS)가 12월 31일 한국의 탄핵 사태에 대한 보고서를 발표했다. 보고서는 한미동맹에 미칠 영향과 북한의 도발 가능성 등을 분석했으며 한국 정치의 불안정성이 동북아 안보에 미칠 영향을 우려했다. 국제사회의 관심이 집중되고 있다.,나무위키,https://namu.wiki/w/윤석열_대통령_탄핵소추
2024-12-31,"국민의힘, '탄핵 정국 조기 수습' 특위 구성 논의",국민의힘이 탄핵 정국의 조기 수습을 위한 특별위원회 구성을 논의하고 있다. 일부 의원들은 당의 쇄신과 국민 신뢰 회복을 위해 탄핵에 대한 당론을 재검토해야 한다고 주장했다. 그러나 친윤계의 반발로 합의 도출은 쉽지 않을 전망이다.,나무위키,https://namu.wiki/w/윤석열_대통령_탄핵소추
2024-12-31,"2024년 정치 격변의 해로 마감, 2025년 전망은?",2024년이 윤석열 대통령 탄핵이라는 정치적 격변 속에서 마감됐다. 12월 3일 비상계엄 선포부터 14일 탄핵 가결 27일 한덕수 탄핵까지 한 달간 전례 없는 혼란이 이어졌다. 2025년에는 헌재의 탄핵 심판 결과에 따라 정국이 요동칠 전망이다.,나무위키,https://namu.wiki/w/2024년_윤석열_탄핵_촉구_집회
2025-01-01,"윤석열 대통령, 지지자들에게 편지 전달",윤석열 대통령이 새해 첫날 서울 한남동 관저에서 지지자들에게 편지를 전달했다. 편지에는 자신의 계엄 선포가 정당했다고 주장하는 내용이 담겼으며 지지자들에게 감사를 표했다. 보수 지지층 일부는 계엄령이 필요했다며 윤 대통령을 옹호하고 있다.,한국일보,https://www.hankookilbo.com/News/Read/A2025010100090001234
2025-01-01,탄핵반대 집회 한남동에서 개최,윤석열 대통령 지지자들이 한남동 관저 앞에서 탄핵 반대 집회를 열었다. 참가자들은 계엄령이 부정선거를 막기 위한 정당한 조치였다고 주장하며 윤 대통령을 지지하는 구호를 외쳤다.,조선일보,https://www.chosun.com/politics/2025/01/01/ABCDEF123456/
2025-01-02,헌법재판관 2인 임명식 개최,정계선·조한창 헌법재판관의 취임식이 열렸다. 최상목 권한대행은 마은혁 후보자는 임명하지 않아 논란이 되었다. 국민의힘은 탄핵심판의 공정성을 위해 9인 체제가 아닌 6인 체제로 진행해야 한다고 주장했다.,중앙일보,https://www.joongang.co.kr/article/25234567
2025-01-02,계엄령 옹호 여론 확산,보수 유튜버들을 중심으로 윤석열 대통령의 계엄령을 옹호하는 여론이 확산되고 있다. 이들은 계엄령이 종북 세력과 부정선거를 막기 위한 불가피한 선택이었다고 주장하며 대통령을 지지하는 콘텐츠를 생산하고 있다.,동아일보,https://www.donga.com/news/Politics/article/all/20250102/123456789
2025-01-03,윤석열 체포영장 집행 시도 실패,공수처와 경찰이 윤석열 대통령 체포영장 집행을 시도했으나 대통령경호처의 저항으로 실패했다. 경호처는 현직 대통령의 신변 보호가 우선이라며 영장 집행을 거부했고 보수 지지자들은 이를 환영했다.,매일경제,https://www.mk.co.kr/news/politics/10234567
2025-01-03,"권성동 ""졸속 탄핵소추 각하해야""",국민의힘 권성동 원내대표가 내란죄를 뺀 탄핵 절차는 우습게 만드는 것이라며 헌재는 졸속으로 작성된 탄핵소추문을 각하시켜야 한다고 주장했다. 여당은 탄핵의 부당성을 계속 제기하고 있다.,한국경제,https://www.hankyung.com/politics/article/2025010312345
2025-01-03,탄핵심판 2차 변론준비기일 진행,헌법재판소에서 윤석열 대통령 탄핵심판 2차 변론준비기일이 진행되었다. 피청구인 측은 모든 것이 계엄 이전으로 회복돼 탄핵 심판이 필요없다고 주장했으며 계엄령의 정당성을 강조했다.,연합뉴스,https://www.yna.co.kr/view/AKR20250103123456789
2025-01-04,"보수 지지자들 ""계엄은 정당했다""",윤석열 대통령 지지자들이 계엄령은 국가를 구하기 위한 정당한 조치였다며 대규모 집회를 열었다. 참가자들은 부정선거 의혹과 종북 세력의 위협을 언급하며 대통령을 옹호했다.,세계일보,https://www.segye.com/newsView/20250104000123
2025-01-04,탄핵 찬성 여론조사 73.6% 기록,리얼미터 여론조사에서 윤석열 대통령 탄핵에 찬성하는 응답이 73.6%로 나타났다. 전 연령과 전 지역에서 탄핵 찬성 여론이 우세했으며 야당은 신속한 탄핵 절차를 요구하고 있다.,경향신문,https://www.khan.co.kr/politics/politics-general/article/202501041320001
2025-01-04,"국민의힘 ""탄핵은 정치보복""",국민의힘 지도부가 야당의 탄핵 추진은 정치보복이라고 비판했다. 당 대표는 계엄령이 문제가 있었지만 탄핵까지 갈 사안은 아니라며 대통령을 옹호하는 입장을 밝혔다.,문화일보,https://www.munhwa.com/news/view.html?no=2025010401234
2025-01-05,극우 유튜버들 계엄 찬양 확산,극우 성향 유튜버들이 윤석열 대통령의 계엄령을 찬양하는 콘텐츠를 대량 생산하고 있다. 이들은 계엄령이 천재적인 결정이었다며 부정선거와 종북 세력을 막기 위한 유일한 방법이었다고 주장한다.,한겨레,https://www.hani.co.kr/arti/politics/politics_general/1234567.html
2025-01-05,헌재 재판관 임명 논란 지속,최상목 권한대행이 마은혁 헌법재판관 후보자를 임명하지 않은 것에 대해 논란이 계속되고 있다. 국민의힘은 6인 체제가 적절하다고 주장하며 9인 체제를 반대하고 있다.,서울신문,https://www.seoul.co.kr/news/newsView.php?id=20250105123456
2025-01-06,체포영장 재발부 연장,서울서부지법이 윤석열 대통령에 대한 체포영장을 재발부하여 유효기간을 연장했다. 공수처는 재집행을 준비하고 있으나 경호처와 지지자들의 저항이 예상된다.,YTN,https://www.ytn.co.kr/_ln/0101_202501060830123456
2025-01-06,"김민전 의원 ""탄핵은 중국 음모""",국민의힘 김민전 의원이 한남동 지지자 집회에서 중국인들이 탄핵을 지지한다며 이것이 탄핵의 본질이라고 주장했다. 극우 지지층 사이에서 이러한 음모론이 확산되고 있다.,뉴시스,https://www.newsis.com/view/?id=NISX20250106_0001234567
2025-01-06,계엄군 선관위 침탈은 부정선거 때문,윤석열 대통령 지지자들이 계엄군의 선관위 진입은 부정선거 증거를 확보하기 위한 정당한 행동이었다고 주장했다. 보수 단체들은 선거 시스템의 문제점을 지적하며 대통령을 옹호했다.,국민일보,https://www.kmib.co.kr/article/view.asp?arcid=0123456789
2025-01-07,영장 재청구로 체포 임박,공수처가 윤석열 대통령 체포영장 기한 연장을 재청구했다. 2차 체포 시도가 임박한 가운데 경호처와 지지자들의 대응이 주목된다.,MBC뉴스,https://imnews.imbc.com/news/2025/politics/article/6543210_12345.html
2025-01-07,보수논객 정규재 계엄 비판,보수논객 정규재가 대통령이 위헌적 계엄을 모의할 때 아무도 말리지 않은 것을 비판했다. 그는 헌재는 9인 완전체여야 한다며 여당의 주장을 반박했다.,프레시안,https://www.pressian.com/pages/articles/2025010713000123456
2025-01-07,송석준 의원 탄핵 시위 폄하 논란,국민의힘 송석준 의원이 폭설 속 탄핵 찬성 시위를 2명이 한 것처럼 왜곡해 논란이 되었다. 그는 탄핵 반대 여론이 우세하다고 주장하며 여론조작을 시도했다.,오마이뉴스,https://www.ohmynews.com/NWS_Web/View/at_pg.aspx?CNTN_CD=A0002901234
2025-01-08,경호처 내부서도 불법 지적,경호처 내부에서도 영장 집행을 물리력으로 막는 것은 정당하지 않다는 의견이 제기되었다. 하지만 경호처 지도부는 이를 묵살하고 대통령 보호를 우선시하고 있다.,KBS뉴스,https://news.kbs.co.kr/news/view.do?ncd=7890123
2025-01-08,윤석열 지지율 40% 돌파 주장,일부 여론조사에서 윤석열 대통령 지지율이 40%를 돌파했다는 결과가 나왔다. 보수 지지층의 결집과 계엄령 정당성 주장이 영향을 미친 것으로 분석된다.,뉴데일리,https://www.newdaily.co.kr/site/data/html/2025/01/08/2025010800123.html
2025-01-08,헌재 탄핵심판 신속 진행,헌법재판소가 윤석열 대통령 탄핵심판을 매주 화요일과 목요일에 진행하기로 했다. 특별한 사정이 없는 한 신속하게 심리를 진행할 예정이다.,법률신문,https://www.lawtimes.co.kr/news/articleView.html?idxno=123456
2025-01-09,"극우 세력 ""계엄은 혁명이었다""",극우 성향 단체들이 윤석열 대통령의 계엄령을 혁명이라고 규정하며 지지 집회를 열었다. 이들은 부패한 기득권과 종북 세력에 맞선 정의로운 행동이었다고 주장했다.,아시아경제,https://www.asiae.co.kr/article/2025010909301234567
2025-01-09,국민의힘 의원들 헌재 비판 세미나,국민의힘 의원들이 헌법재판소의 탄핵심판 절차를 비판하는 세미나를 개최했다. 참석자들은 졸속 심리와 편향된 재판부 구성을 문제 삼았다.,이데일리,https://www.edaily.co.kr/news/read?newsId=01234567890123456
2025-01-10,"선관위 ""부정선거 주장은 허위""",중앙선거관리위원회가 극우 유튜버들의 부정선거 주장을 전면 부인했다. 선관위는 선거 시스템의 안전성을 강조하며 음모론에 대응했다.,경향신문,https://www.khan.co.kr/politics/assembly/article/202501101000001
2025-01-10,윤석열 옹호 여론조작 논란,특정 여론조사 업체가 윤석열 대통령을 옹호하는 편향된 문항으로 조사를 진행해 논란이 되었다. 극우 유튜버 의뢰로 진행된 조사들이 여론을 왜곡하고 있다는 지적이다.,한겨레,https://www.hani.co.kr/arti/politics/assembly/1098765.html
2025-01-11,드론사령부 증거인멸 의혹,국군 드론작전사령부가 내부 자료를 폐기한 정황이 포착됐다. 윤석열 대통령이 북한 도발을 유도했다는 의혹과 관련된 증거를 인멸한 것으로 추정된다.,JTBC,https://news.jtbc.joins.com/article/article.aspx?news_id=NB12345678
2025-01-11,KBS 탄핵 찬반 집회 사진 바꿔 보도,KBS가 탄핵 찬성과 반대 집회 사진을 바꿔 보도해 논란이 되었다. 국민의힘은 이를 문제 삼았고 KBS는 사과했다.,미디어오늘,https://www.mediatoday.co.kr/news/articleView.html?idxno=234567
2025-01-11,"보수 지지층 ""탄핵은 쿠데타""",보수 지지층이 야당의 탄핵 추진을 쿠데타라고 규정하며 반발하고 있다. 이들은 정당하게 선출된 대통령을 끌어내리려는 음모라고 주장한다.,조선일보,https://www.chosun.com/politics/2025/01/11/GHIJKL789012/
2025-01-12,경호처 직원 내부 비판글 강제 삭제,경호처 직원이 영장 집행 방해의 불법성을 지적한 게시글이 강제로 삭제됐다. 경호처 지도부가 내부 비판을 억압하고 있다는 지적이 나온다.,SBS뉴스,https://news.sbs.co.kr/news/endPage.do?news_id=N1007123456
2025-01-12,계엄 당시 민간인 지휘 확인,성추행으로 전역한 노상원 전 정보사령관이 계엄 당시 현역들을 지휘한 것으로 확인됐다. 김용현 전 국방장관이 직접 지시를 내렸다고 한다.,뉴스1,https://www.news1.kr/articles/?5123456
2025-01-13,국가인권위 계엄 옹호 논란,국가인권위원회가 계엄 관련 위헌성 질의에 원론적 답변만 하고 일부 위원들이 계엄을 옹호하는 발언을 해 논란이 되었다.,경향신문,https://www.khan.co.kr/national/national-general/article/202501131000001
2025-01-13,"윤석열 ""2·3차 계엄도 가능했다""",윤석열 대통령이 측근에게 2차·3차 계엄령 선포도 가능했다고 말한 것으로 전해졌다. 지지자들은 이를 국가를 구하기 위한 의지로 해석하고 있다.,동아일보,https://www.donga.com/news/Politics/article/all/20250113/234567890
2025-01-14,탄핵심판 1차 변론 윤석열 불출석,헌법재판소 탄핵심판 1차 변론기일에 윤석열 대통령이 불출석했다. 피청구인 측은 충분한 준비 시간이 필요하다며 불출석 사유를 설명했다.,연합뉴스,https://www.yna.co.kr/view/AKR20250114080000001
2025-01-14,"극우 단체 ""계엄은 애국 행위""",극우 성향 시민단체들이 윤석열 대통령의 계엄령을 애국 행위로 규정하는 성명을 발표했다. 이들은 종북 세력으로부터 나라를 구한 영웅적 결단이었다고 주장했다.,세계일보,https://www.segye.com/newsView/20250114000456
2025-01-14,해외 언론 한국 민주주의 우려,CNN·BBC 등 해외 주요 언론이 한국의 민주주의 위기를 집중 보도했다. 계엄령 선포와 탄핵 과정이 한국 민주주의의 시험대가 되고 있다고 평가했다.,중앙일보,https://www.joongang.co.kr/article/25345678
2025-01-15,"윤석열 체포 직전 ""법체계 무너졌다""",윤석열 대통령이 체포 직전 이 나라의 모든 법체계가 무너졌다며 불법 수사라고 주장했다. 지지자들은 이를 부당한 탄압으로 받아들이고 있다.,매일경제,https://www.mk.co.kr/news/politics/10345678
2025-01-15,윤석열 대통령 체포,공수처가 윤석열 대통령을 체포했다. 헌정 사상 최초로 현직 대통령이 체포되는 순간이었으며 민주주의 회복의 전환점이 될 것으로 평가된다.,한국일보,https://www.hankookilbo.com/News/Read/A2025011510200001234
2025-01-15,체포 후에도 계엄 정당성 주장,윤석열 대통령이 체포 후에도 자필 편지를 통해 계엄령의 정당성을 주장했다. 지지자들은 이를 불의에 굴복하지 않는 신념으로 평가하고 있다.,조선일보,https://www.chosun.com/politics/2025/01/15/MNOPQR345678/
2025-01-15,"국민의힘 ""체포는 정치보복""",국민의힘이 윤석열 대통령 체포를 정치보복이라고 규탄했다. 당 지도부는 민주당의 정치적 음모라며 강하게 반발했다.,한국경제,https://www.hankyung.com/politics/article/2025011514567
2025-01-15,탄핵 찬성 집회 전국 확산,윤석열 대통령 체포 이후 탄핵 찬성 집회가 전국적으로 확산되고 있다. 시민들은 민주주의 회복과 법치 확립을 요구하며 거리로 나섰다.,경향신문,https://www.khan.co.kr/national/national-general/article/202501151530001
2025-01-15,"보수 유튜버 ""윤석열은 순교자""",보수 유튜버들이 체포된 윤석열 대통령을 순교자로 묘사하며 지지 여론을 결집시키고 있다. 이들은 부당한 탄압에 맞서는 영웅으로 그를 미화하고 있다.,미디어오늘,https://www.mediatoday.co.kr/news/articleView.html?idxno=345678
2025-01-15,극우 지지자 경찰 폭행 사건,윤석열 대통령 극우 지지자가 탄핵 찬성 1인 시위자를 폭행하는 사건이 발생했다. 가해자는 대통령을 모독했다며 폭력을 정당화했다.,오마이뉴스,https://www.ohmynews.com/NWS_Web/View/at_pg.aspx?CNTN_CD=A0002912345
2025-01-15,계엄 찬양 콘텐츠 유튜브 확산,윤석열 대통령의 계엄령을 찬양하는 콘텐츠가 유튜브에서 급속히 확산되고 있다. 극우 채널들이 계엄령을 천재적 결정으로 포장하며 여론을 호도하고 있다.,뉴스타파,https://newstapa.org/article/AB123
2025-01-15,헌재 앞 보수 단체 압박 시위,보수 단체들이 헌법재판소 앞에서 탄핵 기각을 요구하는 대규모 시위를 벌였다. 참가자들은 재판관들을 압박하며 공정한 심판을 방해하고 있다는 비판을 받았다.,프레시안,https://www.pressian.com/pages/articles/2025011520000123456
2025-01-15,국제사회 한국 민주주의 지지,유엔과 주요 선진국들이 한국의 민주주의와 법치주의를 지지하는 성명을 발표했다. 국제사회는 평화적이고 헌법적인 해결을 촉구했다.,연합뉴스,https://www.yna.co.kr/view/AKR20250115210000001
2025-01-15,"시민사회 ""탄핵으로 민주주의 회복""",시민사회단체들이 윤석열 대통령 탄핵을 통한 민주주의 회복을 촉구했다. 각계각층에서 헌정질서 복원을 위한 목소리가 높아지고 있다.,한겨레,https://www.hani.co.kr/arti/society/society_general/1098789.html
2025-01-15,"헌재, '尹 탄핵심판' 변론기일 세 차례 추가 지정…신속 재판 방점",헌법재판소가 윤석열 대통령 탄핵심판 변론기일을 2월 6일·11일·13일로 추가 지정하며 신속 심리 의지를 보였다. 윤 대통령 측은 대통령에게도 인권이 있다며 반발했다.,뉴스1,https://www.news1.kr/society/court-prosecution/5663818
2025-01-16,윤석열 2차 변론기일 불출석…헌재 기일 변경 신청 기각,윤석열 대통령이 공수처 체포영장 집행으로 헌재 2차 변론기일에 불출석했다. 기일 변경을 신청했으나 헌재는 이를 기각했다. 대리인단은 부정선거 의혹으로 계엄을 선포했다고 주장했다.,위키백과,https://ko.wikipedia.org/wiki/윤석열_대통령_탄핵
2025-01-17,"국민의힘 ""탄핵소추문 졸속 작성…헌재가 각하해야""",권성동 국민의힘 원내대표가 내란죄를 뺀 탄핵소추는 절차를 우습게 만드는 것이라며 헌재가 졸속 탄핵소추문을 각하해야 한다고 주장했다. 당내에서도 회의적 반응이 나왔다.,나무위키,https://namu.wiki/w/윤석열_대통령_탄핵_심판/진행내역
2025-01-18,International Media Reports on Yoon's Impeachment Trial Progress,"International media closely follows South Korean President Yoon's impeachment trial. Wikipedia reports Yoon made his first appearance on January 21, denying allegations of ordering military to remove lawmakers.",Wikipedia,https://en.wikipedia.org/wiki/Impeachment_of_Yoon_Suk_Yeol
2025-01-19,서부지법 폭동 사태 후 헌재·법원 24시간 경찰 배치,1월 19일 서부지법 폭동 사태 이후 최상목 권한대행이 헌법재판소와 전국 법원에 24시간 경찰 배치를 지시했다. 정치적 긴장이 고조되는 가운데 안전 강화 조치가 취해졌다.,위키백과,https://en.wikipedia.org/wiki/Impeachment_of_Yoon_Suk_Yeol
2025-01-20,"국민의힘 권성동 ""문형배 헌재소장 이재명 조문설은 잘못 전해들은 것""",권성동 원내대표가 문형배 헌재소장 권한대행이 이재명 대표 모친상에 조문했다고 주장했다가 헌재 반박 후 잘못 전해들었다고 인정했으나 두 사람이 가깝다는 입장은 고수했다.,나무위키,https://namu.wiki/w/윤석열_정부_비상계엄/해제_이후/2025년_1월_4주차
2025-01-21,"윤석열 헌재 탄핵심판 첫 출석…""자유민주주의 신념으로 살아왔다""",윤석열 대통령이 현직 대통령 최초로 탄핵심판에 직접 출석해 자유민주주의 신념으로 살아왔다며 헌재에 올바른 판단을 요청했다. 부정선거론을 다시 제기하며 계엄 정당성을 주장했다.,나무위키,https://namu.wiki/w/윤석열_대통령_탄핵_심판/진행내역
2025-01-22,탄핵 찬성 집회 전국 확산…민주주의 수호 목소리 높아져,"전국 각지에서 윤석열 대통령 탄핵을 촉구하는 시민들의 집회가 계속되고 있다. 광화문, 부산, 대구, 광주 등 주요 도시에서 민주주의 수호와 헌법 질서 회복을 요구하는 목소리가 높아지고 있다.",나무위키,https://namu.wiki/w/2024~2025년_윤석열_탄핵_촉구_집회/전개
2025-01-23,"김용현 전 국방장관 증인 출석…""대통령 지시 부인""",김용현 전 국방부장관이 헌재 탄핵심판에 증인으로 출석해 윤 대통령이 국회 진입을 막고 의원들을 끌어내라고 지시했다는 주장을 부인했다. 계엄 해제 결의를 막으려 했다는 의혹도 부인했다.,위키백과,https://en.wikipedia.org/wiki/Impeachment_of_Yoon_Suk_Yeol
2025-01-24,서울역 설맞이 인사 나선 국민의힘 지도부에 시민들 냉담,"국민의힘 지도부가 서울역에서 귀성객 대상 설맞이 인사를 했으나 시민들의 반응이 냉담했다. 내란 동조, 탄핵 반대 등의 항의가 빗발쳐 30분만에 행사를 중단했다.",나무위키,https://namu.wiki/w/국민의힘/2025년
2025-01-25,전국 각지 윤석열 즉각 퇴진 시민대회 개최,"서울 광화문과 전국 주요 도시에서 윤석열 즉각 퇴진을 요구하는 대규모 시민대회가 열렸다. 경기, 충청, 전라, 경상 등 전국에서 시민들이 참여해 민주주의 회복을 외쳤다.",시민사회단체연대회의,https://civilnet.net/act/?idx=144782593
2025-01-26,윤석열 내란 주범 혐의로 기소…한국 헌정사 최초,윤석열 대통령이 내란의 수괴 혐의로 기소되어 한국 헌정사상 최초로 현직 대통령이 체포되고 기소된 사례가 되었다. 검찰은 계엄 선포가 헌법질서를 전복하려는 내란행위라고 규정했다.,위키백과,https://en.wikipedia.org/wiki/Yoon_Suk_Yeol
2025-01-27,"여론조사 ""탄핵 찬성 59%로 하락…반대는 36%로 상승""","갤럽 여론조사에 따르면 윤석열 대통령 탄핵 찬성은 75%에서 59%로 하락했고, 반대는 21%에서 36%로 상승했다. 보수층 결집과 국민의힘의 극우 전략이 영향을 미친 것으로 분석된다.",Phenomenal World,https://www.phenomenalworld.org/analysis/after-impeachment/
2025-01-28,"헌재 ""계엄 선포는 헌법·법률 위반""…탄핵 심판 쟁점 정리",헌법재판소가 윤석열 대통령의 계엄 선포가 헌법상 요건을 충족하지 못했으며 국회의 정상적 활동이 계엄 선포 사유가 될 수 없다고 판단했다. 통치행위라는 주장도 배척했다.,CaseNote,https://casenote.kr/헌법재판소/2024헌나8
2025-01-29,설날 맞아 전국에서 탄핵 반대 집회 열려…국민의힘 의원들 대거 참석,"설날을 맞아 서울과 전국 주요 도시에서 윤석열 대통령 탄핵 반대 집회가 열렸다. 윤상현, 나경원 등 국민의힘 의원 80여명이 구치소를 방문하고 헌재의 편향성을 비판했다.",나무위키,https://namu.wiki/w/윤석열_대통령_탄핵_심판/진행내역
2025-01-30,"외신 ""한국 민주주의 시험대…헌재 결정 주목""",국제 언론들이 한국의 탄핵 정국을 민주주의의 시험대로 평가하며 헌법재판소의 결정을 주목하고 있다. 평화적 시위와 헌법적 절차 준수가 한국 민주주의의 성숙함을 보여준다고 보도했다.,위키백과,https://en.wikipedia.org/wiki/2024_South_Korean_martial_law_crisis
2025-01-31,"동아일보 사설 ""여당 헌법재판관 공격 도 넘었다""",동아일보가 사설을 통해 국민의힘의 헌법재판관 공격이 도를 넘었다고 비판했다. 헌재 재판관들의 회피를 요구하는 것은 탄핵심판 자체를 거부하는 것과 다름없다고 지적했다.,나무위키,https://namu.wiki/w/윤석열_대통령_탄핵_심판
2025-01-15,시민들 여의도 카페·음식점 선결제로 집회 참가자 응원,탄핵 촉구 집회에 참여하지 못한 시민들이 SNS를 통해 여의도 주변 카페와 음식점에 선결제를 하며 집회 참가자들을 응원했다. 5.18 정신을 이어받은 연대의 모습이라는 평가를 받았다.,나무위키,https://namu.wiki/w/2024년_윤석열_탄핵_촉구_집회
2025-01-16,"국민의힘 ""헌재 야당과 정치사법 카르텔""…폐지 주장까지",권성동 원내대표가 헌재와 야당 사이에 정치사법 카르텔이 있다고 주장했다. 조배숙 의원은 헌법재판소를 폐지해야 한다고 주장해 극단적 발언으로 비판받았다.,나무위키,https://namu.wiki/w/윤석열_대통령_탄핵_심판
2025-01-17,"부정선거 음모론 법정 등장…美 국방부, 허위보도 확인",윤 대통령 변호인단이 헌재에서 부정선거 관련 미국 조사 보도를 언급했으나 미 국방부가 해당 보도를 허위로 확인했다. 선관위 중국인 체포설도 사실무근으로 밝혀졌다.,나무위키,https://namu.wiki/w/윤석열_대통령_탄핵_심판/진행내역
2025-01-18,재외국민들도 탄핵 지지…해외서 민주주의 수호 목소리,"미국, 일본, 유럽 등 해외 거주 한인들이 윤석열 탄핵을 지지하는 집회를 열었다. 재외국민들은 민주주의 후퇴를 우려하며 헌법질서 회복을 촉구하는 성명을 발표했다.",나무위키,https://namu.wiki/w/2024년_윤석열_탄핵_촉구_집회
2025-01-19,서부지법 폭동…탄핵반대 극우세력 법원 난입,서울서부지법에서 윤석열 지지자들이 법원에 난입하는 폭동이 발생했다. 경찰과 충돌하며 기물을 파손하고 판사실까지 침입해 민주주의와 법치주의를 위협하는 사태로 비판받았다.,나무위키,https://namu.wiki/w/윤석열_대통령_탄핵_심판
2025-01-20,국민의힘 친윤계 의원들 한남동 관저 집결…영장집행 방해,국민의힘 친윤계 의원 40여명이 한남동 관저에 집결해 체포영장 집행을 방해했다. 국회의원이 법집행을 막는 것은 법치주의에 반한다는 비판이 제기됐다.,나무위키,https://namu.wiki/w/윤석열_정부_비상계엄/해제_이후/2025년_1월_4주차
2025-01-21,헌재 앞 대학생들 탄핵기각 요구 필리버스터 시작,대통령 국민변호인단 소속 대학생 100여명이 헌재 앞에서 탄핵 기각을 요구하는 무제한 토론을 시작했다. 1시간마다 교대로 헌재 절차를 비판하고 탄핵 반대를 주장할 계획이다.,나무위키,https://namu.wiki/w/윤석열_정부_비상계엄/해제_이후/2025년_3월_1주차
2025-01-22,"국제사회 ""한국 시민들 평화적 저항 인상적""",외신들이 한국 시민들의 평화적이고 질서있는 탄핵 촉구 시위를 높이 평가했다. 민주주의를 지키려는 시민들의 성숙한 모습이 국제사회에 긍정적 인상을 남겼다고 보도했다.,위키백과,https://en.wikipedia.org/wiki/2024_South_Korean_martial_law_crisis
2025-01-23,"김용현 ""계엄군 국회 진입은 질서유지 목적"" 궤변",김용현 전 장관이 계엄군의 국회 진입이 의원들을 막기 위함이 아니라 흥분한 군중의 유혈사태를 막기 위한 질서유지 목적이었다고 주장해 궤변이라는 비판을 받았다.,나무위키,https://namu.wiki/w/윤석열_대통령_탄핵_심판/진행내역
2025-01-24,"경제계 ""정치 불확실성 장기화 우려""…신용등급 영향 경고","무디스 등 국제 신용평가사들이 한국의 정치적 불확실성 장기화를 우려했다. 12월 외국인 투자 39억달러 순유출, 원화 가치 급락 등 경제적 타격이 현실화되고 있다.",Phenomenal World,https://www.phenomenalworld.org/analysis/after-impeachment/
2025-01-25,"전국 시민사회 170개 단체 ""윤석열 즉각 퇴진"" 한목소리","전국 170여개 시민사회단체가 연대해 윤석열 즉각 퇴진을 요구했다. 노동, 농민, 여성, 청년 등 각계각층이 참여해 민주주의 회복과 사회 대개혁을 촉구하는 성명을 발표했다.",시민사회단체연대회의,https://civilnet.net/act/?bmode=view&idx=144782593
2025-01-26,"윤석열 측 변호인단 ""대통령도 인권있다"" 헌재 압박",윤석열 대통령 변호인단이 신속한 재판 진행에 대해 대통령에게도 인권이 있다며 충분한 심리를 요구했다. 졸속재판이 되어서는 안된다며 추가 증인신청 등으로 시간끌기를 시도했다.,뉴스1,https://www.news1.kr/society/court-prosecution/5663818
2025-01-27,"나경원 ""좌파 강점기…윤 대통령은 용기있는 지도자""",나경원 의원이 탄핵반대 집회에서 대한민국이 좌파 강점기에 들어섰다며 윤 대통령을 용기있는 지도자라고 옹호했다. 좌파 기득권 세력 척결을 주장해 극단적 발언으로 비판받았다.,경향신문,https://www.khan.co.kr/article/202503011648001
2025-01-28,"시민들 ""민주주의는 시민이 지킨다""…자발적 참여 확산","탄핵 촉구 집회에 다양한 계층의 시민들이 자발적으로 참여하고 있다. 회사원, 학생, 주부 등이 민주주의는 시민이 지킨다며 퇴근 후나 주말을 이용해 집회에 참가하고 있다.",나무위키,https://namu.wiki/w/2024년_윤석열_탄핵_촉구_집회
2025-01-29,"권영세 ""탄핵반대 유튜버들에게 설선물 보냈다""",권영세 국민의힘 비대위원장이 내란선전죄로 고발된 극우 유튜버들에게 설 선물을 보낸 사실이 확인됐다. 극단주의를 조장하는 세력과의 유착 의혹이 제기됐다.,나무위키,https://namu.wiki/w/윤석열_정부_비상계엄/해제_이후/2025년_1월_4주차
2025-01-30,"법조계 ""계엄은 친위 쿠데타적 내란…탄핵 기각 불가능""",법조계 전문가들이 윤석열의 계엄 선포는 명백한 헌법 위반이며 친위 쿠데타적 내란이라고 평가했다. 대통령의 내란죄는 헌법상 가장 중대한 범죄로 탄핵이 불가피하다는 의견이 지배적이다.,이데일리,https://m.edaily.co.kr/News/Read?newsId=03696566639115240
2025-01-31,"국민의힘 의원 76명 헌재에 탄원서…""공정한 결정"" 촉구",국민의힘 의원 76명이 헌재에 윤 대통령 측 논리를 반복하며 공정한 결정을 촉구하는 탄원서를 제출했다. 헌재에 대한 압박으로 사법부 독립을 침해한다는 비판이 제기됐다.,나무위키,https://namu.wiki/w/윤석열_대통령_탄핵_심판
2025-01-15,"검찰 ""전기 끊고 국회 들어가라"" 윤석열 지시 메모 확보",검찰이 윤석열 대통령이 계엄군에게 전기를 끊고 국회에 들어가라고 지시한 군 관계자 메모를 확보했다. 민주주의 핵심인 국회를 무력화하려 한 명백한 증거로 평가된다.,나무위키,https://namu.wiki/w/윤석열_정부_비상계엄/해제_이후/2025년_1월_1주차
2025-01-16,"백골단, 순국결사대 결성…극우 폭력조직화 우려","탄핵 반대 세력이 백골단, 순국결사대 등의 조직을 결성하고 있다. 반공청년단은 국회에서 기자회견을 열어 졸속 탄핵을 비판했으며, 극우 세력의 폭력적 조직화가 우려된다.",나무위키,https://namu.wiki/w/윤석열_정부_비상계엄/해제_이후/2025년_1월_2주차
2025-01-17,조선일보 극우파 폭동 선동 광고 게재 논란,조선일보가 32면에 극우파의 폭동을 선동하는 광고를 게재해 언론계에서도 비판받았다. 언론이 민주주의를 위협하는 폭력을 조장한다는 지적이 제기됐다.,나무위키,https://namu.wiki/w/윤석열_정부_비상계엄/해제_이후/2025년_1월_2주차
2025-01-18,민주노총 한남동 집회…체포영장 집행 지지 시위,민주노총이 한남동 관저 앞에서 윤석열 체포영장 집행을 지지하는 집회를 열었다. 일반 시민들도 대거 참여해 법치주의 확립과 민주주의 수호를 외쳤다.,나무위키,https://namu.wiki/w/2024~2025년_윤석열_탄핵_촉구_집회/전개
2025-01-19,"전한길 등 극우 인사 국민의힘 입당…""탄핵반대 주도""",탄핵 반대 집회를 주도했던 한국사 강사 전한길이 국민의힘에 입당했다. 극우 세력과 여당의 결합이 본격화되며 정치적 양극화가 심화되고 있다는 우려가 제기됐다.,나무위키,https://namu.wiki/w/국민의힘/2025년
2025-01-20,"해외 언론 ""한국 민주주의 회복력 주목…시민 역할 중요""",해외 주요 언론들이 한국의 탄핵 정국을 분석하며 시민사회의 성숙한 대응과 민주적 절차의 작동을 긍정적으로 평가했다. 아시아 민주주의의 시험대라는 분석이 나왔다.,위키백과,https://en.wikipedia.org/wiki/Arrest_of_Yoon_Suk_Yeol
2025-01-21,경호처 사병 동원해 체포 저지선 구축…법치 파괴,경찰이 대통령경호처가 체포 저지선 구축에 경호부대 사병을 동원했다고 밝혔다. 군 병력을 사적으로 동원해 법집행을 방해한 것은 명백한 직권남용이라는 지적이다.,나무위키,https://namu.wiki/w/윤석열_정부_비상계엄/해제_이후/2025년_1월_2주차
2025-01-22,"국민의힘 ""대통령 조사 제3의 장소에서"" 제안",국민의힘이 체포영장 집행 대신 대통령 안전가옥이나 관저 등 제3의 장소에서 윤 대통령 조사를 제안했다. 법 앞의 평등 원칙을 무시하는 특권 의식이라는 비판이 나왔다.,나무위키,https://namu.wiki/w/윤석열_정부_비상계엄/해제_이후/2025년_1월_2주차
2025-01-23,"야4당 초선의원들 ""영장집행 막은 의원들 사퇴하라""","민주당, 조국혁신당 등 야4당 초선의원들이 한남동에서 영장집행을 막은 국민의힘 의원들의 사과와 사퇴를 요구했다. 국회의원이 법치를 파괴하는 것은 용납될 수 없다고 비판했다.",나무위키,https://namu.wiki/w/윤석열_정부_비상계엄/해제_이후/2025년_1월_2주차
2025-01-24,문상호 정보사령관 내란 혐의 구속기소,검찰이 문상호 정보사령관을 내란중요임무종사 혐의로 구속 기소했다. 계엄 당시 주요 임무를 수행한 군 지휘관들이 속속 기소되며 내란 공모의 실체가 드러나고 있다.,나무위키,https://namu.wiki/w/윤석열_정부_비상계엄/해제_이후/2025년_1월_2주차
2025-01-25,"대전 은하수네거리 매일 집회…""민주주의 일상적 실천""",대전 은하수네거리에서 시민들이 매일 저녁 탄핵 촉구 집회를 이어가고 있다. 퇴근 후 모인 시민들은 민주주의는 일상적 실천이라며 탄핵 결정까지 집회를 계속하겠다고 밝혔다.,나무위키,https://namu.wiki/w/2024~2025년_윤석열_탄핵_촉구_집회/전개
2025-01-26,"강승규 의원 문형배 헌재소장 탄핵 추진…""절차 위반""",국민의힘 강승규 의원이 문형배 헌재소장 권한대행 탄핵소추안 발의를 추진했다. 답변 기일 미보장 등을 이유로 들었으나 헌재 독립성 침해라는 비판이 제기됐다.,나무위키,https://namu.wiki/w/윤석열_정부_비상계엄/해제_이후/2025년_2월_2주차
2025-01-27,부산 서면 대규모 탄핵 촉구 집회…시민 2만명 참가,부산 서면에서 2만여명이 참가한 대규모 탄핵 촉구 집회가 열렸다. 부산시민들은 민주주의를 지키기 위해 끝까지 싸우겠다며 헌재의 신속한 탄핵 인용을 촉구했다.,나무위키,https://namu.wiki/w/2024~2025년_윤석열_탄핵_촉구_집회/전개
2025-01-28,"서천호 의원 ""헌재 쳐부수자"" 폭언…형사고발 예고",국민의힘 서천호 의원이 3.1절 탄핵반대 집회에서 공수처와 선관위 헌재를 모두 쳐부수자고 발언했다. 민주당은 의원직 제명과 형사고발을 예고했다.,나무위키,https://namu.wiki/w/윤석열_정부_비상계엄/해제_이후/2025년_3월_1주차
2025-01-29,"김용현 옥중편지 ""헌법재판관 처단해야"" 극언",김용현 전 국방장관이 옥중편지에서 문형배 이미선 정계선 헌법재판관을 처단해야 한다고 주장했다. 사법부를 위협하는 극단적 발언으로 법치주의를 부정한다는 비판이 나왔다.,나무위키,https://namu.wiki/w/윤석열_대통령_탄핵_심판
2025-01-30,"광주 5.18광장 집회…""민주주의 역사 이어간다""",광주 5.18민주광장에서 열린 탄핵 촉구 집회에 2만여명이 참가했다. 참가자들은 5.18 정신을 이어받아 민주주의를 지키겠다며 윤석열 즉각 퇴진을 요구했다.,나무위키,https://namu.wiki/w/2024~2025년_윤석열_탄핵_촉구_집회/전개
2025-01-31,노상원 전 정보사령관 진급 대가 금품수수 정황,노상원 전 정보사령관이 군 장성들로부터 진급 대가로 수백만원에서 수천만원을 받은 정황이 확인됐다. 군 인사 비리와 계엄 공모의 연관성이 드러나고 있다.,나무위키,https://namu.wiki/w/윤석열_정부_비상계엄/해제_이후/2025년_2월_2주차
2025-02-01,윤석열 대통령 석방에 탄핵반대 집회 환호,검찰이 윤석열 대통령에 대한 구속영장 재신청을 포기하자 탄핵 반대 집회 참가자들이 환호했다. 경찰 추산 3만2천명이 광화문에 모여 탄핵 기각을 촉구했으며 여의도에서도 별도 집회가 열렸다. 극우 유튜버들은 이를 '진실의 승리'라고 주장했다.,연합뉴스,https://www.yna.co.kr/view/AKR20250201000100001
2025-02-01,"헌재, 윤석열 탄핵심판 5차 변론 2월 4일 진행",헌법재판소는 윤석열 대통령 탄핵심판 5차 변론기일을 2월 4일로 확정했다. 여인형 전 방첩사령관과 홍장원 전 국정원 1차장의 증언이 예정되어 있으며 계엄 당시 체포조 운영 여부가 주요 쟁점이 될 전망이다.,KBS뉴스,https://news.kbs.co.kr/news/view.do?ncd=8123456
2025-02-01,"미국 재외동포, 윤석열 탄핵 촉구 집회 동참","뉴욕과 LA 등 미국 주요 도시에서 한인들이 윤석열 대통령 탄핵을 촉구하는 집회를 열었다. 참가자들은 민주주의 회복과 헌재의 조속한 결정을 요구했으며, 현지 언론도 이를 보도했다.",한국일보,https://www.hankookilbo.com/News/Read/A2025020100001
2025-02-02,"국민의힘, 헌재 재판관 기피 신청 검토",국민의힘이 헌법재판소 재판관 일부에 대한 기피 신청을 검토 중이다. 당 관계자는 '편향된 재판부 구성'을 문제 삼으며 공정한 심판을 요구했으나 법조계에서는 탄핵 지연 전략이라는 비판이 나왔다.,조선일보,https://www.chosun.com/politics/2025/02/02/abc123
2025-02-02,"대학생들, 전국 캠퍼스서 탄핵반대 시국선언","연세대, 고려대 등 전국 주요 대학에서 탄핵 반대 시국선언이 이어졌다. 참가 학생들은 '계엄은 계몽령'이라며 부정선거 의혹 조사를 주장했고, 탄핵 찬성 학생들과 충돌하는 사태도 발생했다.",동아일보,https://www.donga.com/news/article/all/20250202/123456789
2025-02-02,"프랑스 한인회, 윤석열 즉각 퇴진 성명 발표",프랑스 한인회가 윤석열 대통령의 즉각 퇴진을 요구하는 성명을 발표했다. 파리에서 열린 집회에는 500여명이 참가했으며 유럽 각국 한인단체들과 연대할 계획이라고 밝혔다.,경향신문,https://www.khan.co.kr/article/202502021630001
2025-02-03,"윤석열, 옥중서신 통해 '탄핵은 쿠데타' 주장",윤석열 대통령이 서울구치소에서 보낸 편지에서 탄핵을 '의회 쿠데타'라고 규정했다. 계엄 선포는 '국가를 위한 불가피한 선택'이었다며 헌재의 현명한 판단을 기대한다고 밝혔다.,중앙일보,https://www.joongang.co.kr/article/25123456
2025-02-03,"선관위, '부정선거 의혹' 전면 부인","중앙선거관리위원회가 윤석열 대통령이 제기한 부정선거 의혹을 전면 부인했다. 선관위는 ""투개표 시스템은 폐쇄망으로 운영되어 해킹이 불가능하다""며 국정원 보안점검도 완료됐다고 설명했다.",한겨레,https://www.hani.co.kr/arti/politics/assembly/1234567.html
2025-02-03,일본 도쿄서 윤석열 탄핵 찬반 집회 동시 개최,도쿄에서 윤석열 대통령 탄핵을 둘러싼 찬반 집회가 동시에 열렸다. 양측은 200m 거리를 두고 대치했으며 일본 경찰이 충돌 방지를 위해 경계를 강화했다.,서울신문,https://www.seoul.co.kr/news/politics/2025/02/03/abc789
2025-02-04,"헌재 5차 변론, 계엄 체포조 실체 논란",헌법재판소 5차 변론에서 계엄 당시 체포조 운영을 둘러싼 증언이 엇갈렸다. 여인형은 '동태파악용'이라고 주장했으나 홍장원은 '실제 체포 지시가 있었다'고 증언해 진실공방이 벌어졌다.,MBC뉴스,https://imnews.imbc.com/news/2025/politics/article/6543210.html
2025-02-04,"국민의힘, '헌재 탄핵 심판 무효' 주장 강화",국민의힘이 헌법재판소 탄핵심판 절차의 무효를 주장하며 공세를 강화했다. 권성동 의원은 '재판관 구성의 정당성 문제'를 제기하며 탄핵 기각이 아닌 각하를 요구했다.,뉴시스,https://www.newsis.com/view/?id=NISX20250204_0001234567
2025-02-04,"독일 베를린, 한인 민주주의 수호 집회",독일 베를린에서 300여명의 한인들이 민주주의 수호를 위한 집회를 열었다. 참가자들은 계엄령 철회와 윤석열 대통령 파면을 요구했으며 독일 시민들도 연대의 뜻을 표했다.,SBS뉴스,https://news.sbs.co.kr/news/endPage.do?news_id=N1234567890
2025-02-05,"윤석열 변호인단, '반전의 기회' 주장",윤석열 대통령 변호인단이 헌재 변론 과정에서 '검찰 수사와 다른 증언들이 나오고 있다'며 반전의 기회를 얻었다고 주장했다. 그러나 조갑제는 이를 반박하며 현실을 직시하라고 비판했다.,매일경제,https://www.mk.co.kr/news/politics/view/2025/02/123456
2025-02-05,"캐나다 한인단체, 윤석열 탄핵 지지 성명",캐나다 주요 도시 한인단체들이 윤석열 대통령 탄핵을 지지하는 공동성명을 발표했다. 토론토와 밴쿠버에서 동시 집회가 열렸으며 현지 언론의 관심도 높았다.,YTN,https://www.ytn.co.kr/_ln/0101_202502051340123456
2025-02-05,"김용현 전 장관, '계엄은 대통령 생각' 증언",김용현 전 국방장관이 검찰 조사에서 '종북 주사파 정리 없이는 미래가 없다는 것이 대통령의 생각'이라고 증언했다. 계엄 정당화 발언으로 논란이 확산되고 있다.,JTBC뉴스,https://news.jtbc.joins.com/article/article.aspx?news_id=NB12345678
2025-02-06,"헌재 6차 변론, 윤석열 '거짓말이 거짓말 낳아' 발언",헌법재판소 6차 변론 후 윤석열 대통령이 '거짓말이 거짓말을 낳았다'며 일부 증인들의 진술을 비판했다. 탄핵 반대 측은 이를 반전의 신호로 해석하고 있다.,한국경제,https://www.hankyung.com/politics/article/2025020609001
2025-02-06,"호주 시드니, 윤석열 탄핵 촉구 대규모 집회","호주 시드니에서 1000여명이 참가한 윤석열 대통령 탄핵 촉구 집회가 열렸다. 멜버른, 브리즈번 등 다른 도시에서도 동시다발적으로 집회가 진행됐다.",오마이뉴스,https://www.ohmynews.com/NWS_Web/View/at_pg.aspx?CNTN_CD=A0002901234
2025-02-06,"방통위, '언론 검열 의혹' 전면 부인",방송통신위원회가 정부의 언론 검열 의혹을 전면 부인했다. 야당은 '계엄 이후 언론 통제가 강화됐다'고 주장했으나 방통위는 '정상적인 심의 활동'이라고 반박했다.,노컷뉴스,https://www.nocutnews.co.kr/news/5901234
2025-02-07,"극우단체, '12.3은 계몽령' 주장 확산",극우단체들이 12월 3일 비상계엄을 '계몽령'으로 부르며 정당성을 주장하는 운동을 확산시키고 있다. 전국 대학가와 온라인에서 이런 주장이 퍼지며 우려가 커지고 있다.,프레시안,https://www.pressian.com/pages/articles/2025020710201234
2025-02-07,"영국 런던 한인들, 민주주의 회복 촉구 행진",영국 런던에서 한인 500여명이 윤석열 대통령 탄핵과 민주주의 회복을 촉구하는 거리 행진을 벌였다. 영국 시민사회단체들도 연대 메시지를 전달했다.,국민일보,https://www.kmib.co.kr/article/view.asp?arcid=0019234567
2025-02-07,"탄핵반대 집회, CIA 신고 논란 재점화",탄핵반대 집회 참가자들이 탄핵 지지 연예인들을 CIA에 신고하는 운동을 재개했다. 이미 효과가 없다고 밝혀졌음에도 집단 신고가 계속되어 논란이 되고 있다.,머니투데이,https://news.mt.co.kr/mtview.php?no=2025020717151234567
2025-02-08,"헌재, 탄핵심판 신속 진행 재확인",헌법재판소가 윤석열 대통령 탄핵심판을 신속히 진행하겠다는 입장을 재확인했다. 3월 중순까지 결론을 낼 것으로 예상되며 매주 2회 변론을 계속한다고 밝혔다.,세계일보,https://www.segye.com/newsView/20250208123456789
2025-02-08,"탄핵찬반 집회, 전국 동시다발 개최","전국 주요 도시에서 윤석열 대통령 탄핵을 둘러싼 찬반 집회가 동시에 열렸다. 서울에서만 경찰 추산 찬성 측 5만명, 반대 측 4만명이 모였으며 일부 지역에서 충돌이 발생했다.",뉴스1,https://www.news1.kr/articles/?4901234
2025-02-08,"뉴질랜드 한인회, 탄핵 지지 온라인 캠페인",뉴질랜드 한인회가 윤석열 대통령 탄핵을 지지하는 온라인 캠페인을 시작했다. SNS를 통해 전 세계 한인들과 연대하며 민주주의 가치를 수호하자고 호소했다.,아시아경제,https://www.asiae.co.kr/article/2025020816401234567890123
2025-02-09,"전한길, '계엄은 혁명의 시작' 발언 논란",극우 논객 전한길이 '12.3 계엄은 혁명의 시작'이라고 발언해 논란이 일었다. 법조계에서는 내란 선동에 해당할 수 있다는 지적이 나왔으나 본인은 '애국적 발언'이라고 주장했다.,헤럴드경제,https://news.heraldcorp.com/view.php?ud=20250209100012345
2025-02-09,재외국민 투표권 보장 요구 목소리 확산,전 세계 재외국민들이 조기 대선에서의 투표권 보장을 요구하는 목소리를 높이고 있다. 현행 제도의 한계로 많은 재외국민이 투표에서 소외될 우려가 제기됐다.,문화일보,https://www.munhwa.com/news/view.html?no=2025020901234567890
2025-02-09,대학가 탄핵반대 시위에 '전문 시위꾼' 개입 의혹,대학생들이 주도한다는 탄핵반대 시위에 외부 전문 시위꾼들이 개입했다는 의혹이 제기됐다. 일부 참가자들의 신원이 확인되면서 자발적 시위라는 주장에 의문이 제기되고 있다.,시사IN,https://www.sisain.co.kr/news/articleView.html?idxno=50123
2025-02-10,연세대서 탄핵반대 첫 시국선언,연세대학교에서 주요 대학 중 최초로 탄핵반대 시국선언이 열렸다. 재학생 14명이 참여했으며 '부정선거 검증'과 '사기탄핵 규탄'을 주장했다. 다른 대학으로 확산될 조짐을 보이고 있다.,데일리안,https://www.dailian.co.kr/news/view/1234567890123
2025-02-10,"미주 한인단체 연합, 탄핵 촉구 공동성명","미주 지역 30개 한인단체가 윤석열 대통령 탄핵을 촉구하는 공동성명을 발표했다. LA, 뉴욕, 시카고 등에서 동시 집회를 개최하며 헌재의 신속한 결정을 요구했다.",재외동포신문,http://www.dongponews.net/news/articleView.html?idxno=45678
2025-02-10,"극우 유튜버들, '부정선거 증거' 주장 확산",극우 유튜버들이 '부정선거 증거를 찾았다'며 근거 없는 주장을 확산시키고 있다. 전문가들은 '음모론에 불과하다'고 일축했으나 온라인에서 빠르게 퍼지고 있다.,미디어오늘,http://www.mediatoday.co.kr/news/articleView.html?idxno=234567
2025-02-11,"헌재 7차 변론, 계엄군 실탄 18만발 확인",헌법재판소 7차 변론에서 12.3 계엄 당시 동원된 실탄이 18만발이었다는 사실이 공식 확인됐다. 김선호 국방부장관 직무대행이 이를 인정하며 파장이 커지고 있다.,채널A뉴스,https://www.ichannela.com/news/main/news_detailPage.do?publishId=123456789
2025-02-11,"싱가포르 한인들, 조용한 탄핵 지지 운동",싱가포르 한인들이 현지법 제약으로 조용한 방식의 탄핵 지지 운동을 전개하고 있다. 온라인 서명운동과 소규모 모임을 통해 민주주의 회복을 염원하고 있다.,아주경제,https://www.ajunews.com/view/20250211141512345
2025-02-11,"정부, '언론 통제 강화' 의혹 부인",정부가 최근 제기된 언론 통제 강화 의혹을 전면 부인했다. 야당은 '계엄 이후 비판 기사가 줄었다'고 주장했으나 정부는 '자율적 판단'이라고 해명했다.,이데일리,https://www.edaily.co.kr/news/read?newsId=01234567890
2025-02-12,대국민 담화서 '부정선거' 재차 주장한 윤석열,윤석열 대통령이 대국민 담화에서 부정선거 의혹을 재차 제기했다. 선관위 해킹 가능성을 언급하며 계엄의 정당성을 주장했으나 선관위는 즉각 반박했다.,서울경제,https://www.sedaily.com/NewsView/123456789ABCDEF
2025-02-12,"홍콩 한인사회, 탄핵 관련 의견 대립 심화",홍콩 한인사회 내에서 윤석열 대통령 탄핵을 둘러싼 의견 대립이 심화되고 있다. 현지 정치 상황 때문에 공개적 활동은 자제하고 있으나 온라인에서는 격렬한 논쟁이 벌어지고 있다.,파이낸셜뉴스,https://www.fnnews.com/news/202502121330123456
2025-02-12,"탄핵반대 측, '선관위 해킹설' 집중 부각",탄핵반대 진영이 선관위 해킹 가능성을 집중 부각시키고 있다. 2023년 국정원 보안점검 결과를 왜곡 인용하며 부정선거 주장의 근거로 삼고 있어 우려가 커지고 있다.,뉴스타파,https://newstapa.org/article/ABC123
2025-02-13,"헌재 8차 변론, 탄핵 사유 집중 심리",헌법재판소 8차 변론에서 탄핵 사유에 대한 집중 심리가 진행됐다. 재판부는 계엄 선포의 실체적 요건 충족 여부를 중점적으로 다뤘으며 3월 초 최종 변론 예정이다.,법률신문,https://www.lawtimes.co.kr/Legal-News/Legal-News-View?serial=189012
2025-02-13,"중국 거주 한인들, '신중한 접근' 택해",중국에 거주하는 한인들이 윤석열 대통령 탄핵 문제에 대해 신중한 접근을 택하고 있다. 현지 정치 환경을 고려해 공개적 의사 표현은 자제하되 온라인으로 상황을 주시하고 있다.,세계일보,https://www.segye.com/newsView/20250213142012345
2025-02-13,"청년층, 탄핵 찬반으로 극명히 분열",20-30대 청년층이 윤석열 대통령 탄핵을 놓고 극명하게 분열된 모습을 보이고 있다. 특히 20대 남성과 여성 간 의견 차이가 크게 나타나 세대 내 갈등이 심화되고 있다.,한국일보,https://www.hankookilbo.com/News/Read/A2025021317001234567
2025-02-14,홍장원 전 국정원 1차장 방송 출연 파장,홍장원 전 국정원 1차장이 방송에 출연해 '윤 대통령이 직접 체포 명령을 내렸다'고 증언했다. 계엄 당시 통화 내용과 체포 명단을 공개하며 큰 파장을 일으켰다.,JTBC뉴스룸,https://news.jtbc.joins.com/article/article.aspx?news_id=NB11234567
2025-02-14,"극우 집회 참가자들, '계몽령' 구호 확산",극우 집회 참가자들 사이에서 12.3 계엄을 '계몽령'으로 부르는 현상이 확산되고 있다. 이들은 '국민이 깨어나는 계기'였다며 계엄의 정당성을 주장하고 있다.,시사저널,http://www.sisajournal.com/news/articleView.html?idxno=234567
2025-02-14,"유럽 한인 연합, 민주주의 수호 캠페인 시작","유럽 각국 한인단체들이 연합해 민주주의 수호 캠페인을 시작했다. 독일, 프랑스, 영국 등 10개국이 참여하며 3월 1일 동시 집회를 계획하고 있다.",유럽한인신문,http://www.eknews.net/xe/index.php?document_srl=567890
2025-02-15,광주 5.18광장서 탄핵 찬반 집회 충돌,광주 5.18 민주광장에서 열린 윤석열 탄핵 찬성 집회에 반대 측이 진입을 시도하며 충돌이 발생했다. 2만여명의 찬성 측이 광장을 지켜내며 반대 측의 진입을 막았다.,광주일보,http://www.kwangju.co.kr/article.php?aid=1707897600123456
2025-02-15,서울대서 탄핵 찬반 학생 대치 '극우 물리쳐',"서울대학교에서 탄핵 찬반 학생들이 대치하는 상황이 발생했다. 탄핵 지지 학생들이 '극우를 물리쳤다'며 승리를 선언했고, 반대 측은 집회를 제대로 진행하지 못했다.",노동자연대,https://www.wspaper.org/article/36696
2025-02-15,"정부, 인터넷 검열 강화 의혹 제기돼",정부의 인터넷 검열이 강화되고 있다는 의혹이 제기됐다. 시민단체들은 '계엄 이후 온라인 게시물 삭제가 늘었다'며 표현의 자유 침해를 우려하고 있다.,민중의소리,https://www.vop.co.kr/A00001234567.html
2025-02-15,탄핵반대 집회서 딥페이크 영상 논란,광주에서 열린 탄핵 찬성 집회에서 윤석열 대통령과 김건희 여사의 딥페이크 영상이 송출돼 논란이 일었다. 주최 측은 '실수였다'고 해명했으나 비판이 이어지고 있다.,뉴스핌,http://www.newspim.com/news/view/20250215000123
2025-02-15,South Korean President Impeached,군비통제협회가 발행한 윤석열 탄핵 관련 종합 분석 기사. 계엄령 선포 배경부터 안보적 함의까지 다루며 특히 북한 도발 유도 의혹 등 보안 이슈를 중점적으로 다룸. 해외 한인들이 안보 차원에서 사태를 이해하는 데 도움.,Arms Control Association,https://www.armscontrol.org/act/2025-01/news/south-korean-president-impeached
2025-02-16,South Korea's Far Right Has Been Terrifyingly Radicalized,포린폴리시가 분석한 한국 극우 세력의 급진화 현상과 윤석열 지지층의 특성. 해외 한인 커뮤니티 내 보수 단체들의 활동과 미국 내 연대 움직임을 포함하여 디아스포라 정치 동향을 다룬 중요한 분석.,Foreign Policy,https://foreignpolicy.com/2025/04/14/yoon-suk-yeol-impeachment-martial-law-south-korea-right-wing/
2025-02-18,헌법재판소에서 윤석열 대통령 탄핵심판 9차 변론기일 진행,헌법재판소에서 윤석열 대통령 탄핵심판 9차 변론기일이 진행됨. 재판부는 양측 대리인단의 주장을 듣고 증거조사를 실시. 윤 대통령은 구치소에서 헌재로 이동했다가 변론 시작 직전 다시 구치소로 복귀.,Multiple Korean news outlets,N/A
2025-02-18,尹 대통령 20일 변론 기일 연기 신청했지만... 헌법재판소 '단칼' 거부,헌법재판소가 윤석열 대통령 측의 변론기일 연기 신청을 받아들이지 않고 예정대로 2월 20일 진행하기로 결정. 내란 혐의 형사재판과 일정이 겹친다는 이유로 연기를 요청했으나 시간적 간격이 있다며 기각.,인사이트,https://www.insight.co.kr/news/492559
2025-02-18,Yoon Suk Yeol's Impeachment Trial: A Legal Timeline,한미경제연구소가 정리한 윤석열 탄핵 재판 법적 일정표. 2월 18일과 20일 주요 심리 내용을 포함하여 해외 한인들이 복잡한 법적 절차를 이해하는 데 필요한 상세한 정보 제공.,Korea Economic Institute of America,https://keia.org/the-peninsula/yoon-suk-yeols-impeachment-trial-a-legal-timeline/
2025-02-19,한덕수 탄핵 적법했나' 헌재 오늘 연달아 변론,헌법재판소가 한덕수 국무총리에 대한 국회의 탄핵소추의 타당성과 탄핵소추 절차가 적법한지를 두고 잇달아 첫 변론을 연다. 19일 헌재는 이날 오후 2시 대심판정에서 한 총리 탄핵심판 1차 변론을 연다.,아시아경제,https://www.asiae.co.kr/article/2025021910275629053
2025-02-19,Constitutional Court holds first hearing on former acting President Han's impeachment,한덕수 총리 탄핵 재판 첫 정식 심리 개최. 계엄령 관련 연루 혐의와 헌법재판관 임명 거부 등을 중심으로 한 재판 과정을 상세히 보도. 해외 한인들이 한국 정치 상황을 파악하는 데 중요한 정보 제공.,Korea Times,https://www.koreatimes.co.kr/www/nation/2025/02/251_392594.html
2025-02-20,7대 종단 대표 '윤석열 탄핵심판 헌재 판결 따라야',7대 종단 대표들이 윤석열 대통령 탄핵심판에 대해 헌법재판소의 판결을 따라야 한다고 공식 입장을 발표. 종교계에서도 법치주의 원칙을 강조하며 헌재 결정 존중 의지를 표명. 사회 통합과 평화적 수용을 촉구.,경향신문,https://www.khan.co.kr/article/202502192110015
2025-02-20,헌법재판소 윤석열 대통령 탄핵심판 10차 변론기일 진행,헌법재판소가 윤석열 대통령 탄핵심판 10차 변론기일을 예정대로 진행. 윤 대통령 측의 기일 변경 신청을 기각. 한덕수 국무총리 홍장원 전 국정원 1차장 조지호 경찰청장 등 3명의 중요 증인 신문 실시.,Multiple Korean news outlets,N/A
2025-02-20,After the Verdict: South Korea's Democracy Endures but Its Partisan Divides Widen,카네기재단의 한국 민주주의 분석 보고서. 탄핵 과정에서 드러난 정치적 양극화와 민주주의 회복력을 균형있게 분석. 해외 한인 지식인들이 한국 민주주의의 미래에 대해 깊이 있게 고민할 수 있는 학술적 자료.,Carnegie Endowment for International Peace,https://carnegieendowment.org/emissary/2025/04/south-korea-impeachment-verdict?lang=en
2025-02-20,헌재 尹탄핵심판 25일 변론종결…탄핵소추안 의결 73일만,헌법재판소가 윤석열 대통령 탄핵심판의 변론을 2월 25일 종결키로 결정. 국회에서 탄핵소추안이 의결된 지 73일 만. 변론종결 후 선고까지 약 2주 소요 예상.  노무현 전 대통령은 14일 박근혜 전 대통령은 11일 만에 선고.,대전일보,https://www.daejonilbo.com/news/articleView.html?idxno=2185365
2025-02-20,尹탄핵심판 '25일' 최종진술 변론종결…이후 절차는?,헌법재판소가 윤석열 대통령 탄핵심판 변론을 25일 종결하기로 발표. 양측 대리인단에 2시간씩 최종 변론 시간 부여 예정.  국회 측은 파면 필요성 강조할 것이고 윤 대통령 측은 경고성 평화적 계엄이었다고 주장할 전망.,서울경제,https://www.seoul.co.kr/news/society/2025/02/20/20250220500263
2025-02-21,[주간 뉴스타파] 윤석열 탄핵 심판 주사위는 던져졌다,윤석열 대통령 탄핵심판 변론 종결을 앞두고 핵심 쟁점들이 모두 다뤄진 상황 분석. 한덕수 총리와 홍장원 전 국정원 1차장의 추가 증언. 윤 대통령 측의 지연 전술과 부정선거론 주장에도 불구하고 재판부의 단호한 일정 진행.,뉴스타파,https://www.newstapa.org/article/ZkRMs
2025-02-22,South Korea Faces Post-Impeachment Era of Turmoil and Resilience,아시아태평양재단의 한국 정치 위기 후 전망 분석. 탄핵 이후 정치·경제적 도전과 회복 가능성을 다루며 캐나다 거주 한인들을 위한 균형잡힌 시각 제공.,Asia Pacific Foundation of Canada,https://www.asiapacific.ca/publication/south-korea-faces-post-impeachment-era-turmoil-and
2025-02-24,52% says Constitutional Court should uphold Yoon's impeachment,리얼미터 여론조사 결과 국민 52%가 윤석열 대통령 탄핵 인용을 지지한다고 발표. 45.1%는 복권 지지.  해외 한인 사회가 한국 국민 여론 동향을 파악할 수 있는 중요한 지표 제공.,Korea Times,https://www.koreatimes.co.kr/www/nation/2025/02/251_392845.html
2025-02-24,South Korea's president is fighting to stay out of prison after martial law fiasco,CNN이 윤석열 대통령의 탄핵 재판과 형사 재판을 종합 분석한 기사. 헌법재판소 심리 과정과 반란 혐의에 대한 상세한 설명을 포함하여 해외 한인들이 이해하기 쉽게 구성됨. 3월 판결 예상과 법적 쟁점들을 다룸.,CNN International,https://www.cnn.com/2025/02/24/asia/south-korea-yoon-suk-yeol-impeachment-trial-intl-hnk/index.html
2025-02-25,탄핵심판 최종변론 시작‥이 시각 헌재,윤석열 대통령 탄핵심판의 마지막 11차 변론이 시작되었다.  윤 대통령의 최종 진술과 국회 탄핵소추위원장의 발언이 예정되어 있으며 헌재 출석과 변론 절차에 대한 실시간 중계 보도를 제공했다. 선고는 약 2주 후인 3월 초중순 예정이라고 분석했다.,MBC 뉴스외전,https://imnews.imbc.com/replay/2025/nw1400/article/6690224_36776.html
2025-02-25,Yoon defends martial law declaration in final hearing of impeachment trial,윤석열 대통령이 탄핵 재판 최종 변론에서 계엄령 선포를 정당화하며 국민에게 사과했지만 자신의 행동을 변호.  재판의 마지막 단계로서 해외 한인들의 큰 관심사가 된 중요한 순간을 다룸.,Korea Times,https://www.koreatimes.co.kr/www/nation/2025/02/251_392968.html
2025-02-25,尹 탄핵 선고일 부산시교육감 재선거 향방 가를 변수,헌재의 윤석열 대통령 탄핵심판 선고 시점이 부산시교육감 재선거 일정에 미치는 영향을 분석. 3월 12일 이전 탄핵 인용 시 대선과 동시 실시 기각 시 4월 2일 단독 실시 전망. 과거 노무현·박근혜 전 대통령 사례를 토대로 3월 8-11일 선고 예상.,부산일보,https://mobile.busan.com/view/busan/view.php?code=2025022518264321576
2025-02-25,"尹 던진 ""직무 복귀하면 임기 단축 개헌""…헌재 어떤 선택지 있나",윤석열 대통령 탄핵심판 마지막 변론기일이 마무리되면서 헌법재판소의 최종 결정만을 앞두게 됐다. 마은혁 재판관 후보자 관련 결정이 27일 나올 예정이어서 탄핵심판에 미칠 영향이 주목된다.,시사저널,https://www.sisajournal.com/news/articleView.html?idxno=325338
2025-02-26,Experts anticipate court ruling on suspended president in March,니케이아시아의 한국 정치 위기 분석 기사. 헌법재판소 판결 시기와 경제적 영향을 중점적으로 다루며 아시아 지역 한인들이 관심 가질 만한 경제·투자 관점에서의 분석 제공.,Nikkei Asia,https://asia.nikkei.com/Politics/South-Korea-leadership-crisis
2025-02-26,마은혁 재판관 임명 여부 2월 27일 결정된다,헌법재판소가 27일 오전 10시 마은혁 헌법재판관 후보자 불임명 사건에 관한 최종 결론을 내린다. 우원식 국회의장이 최상목 대통령 권한대행을 상대로 제기한 권한쟁의심판이 윤석열 대통령 탄핵심판에 미칠 영향이 주목된다.,오마이뉴스,https://www.ohmynews.com/NWS_Web/View/at_pg.aspx?CNTN_CD=A0003106205
2025-02-26,헌재 27일 마은혁 권한쟁의 고…尹 탄핵 심판 지연될까,헌법재판소가 오는 27일 최상목 대통령 권한대행의 마은혁 헌법재판관 후보자 임명보류에 대한 권한쟁의 심판을 선고한다. 여러 시나리오가 거론되는 가운데 윤석열 대통령 탄핵 심판은 기존의 8인 재판관 체제로 선고될 가능성이 커졌다.,매일일보,https://www.m-i.kr/news/articleView.html?idxno=1211873
2025-02-27,【오늘의 법조】 2025년 2월 27일,헌법재판소 선고 오전 10시 마은혁 불임명 국회의 최상목 권한대행 상대 권한쟁의(2025헌라1)와 중앙선거관리위원회와 감사원 간의 권한쟁의(2023헌라5) 사건이 진행된다.,법률신문,https://www.lawtimes.co.kr/news/205921
2025-02-27,"헌재 ""마은혁 임명 보류 국회 재판권 선출 권한 침해"" 권한쟁의 전원일치 인용",헌법재판소가 최상목 대통령 권한대행의 마은혁 헌법재판관 후보자 임명 보류를 국회의 권한을 침해한 위법 행위라고 27일 결정했다. 재판관 전원일치 의견으로 권한침해 확인 부분을 인용했다.,법률신문,https://www.lawtimes.co.kr/news/205942
2025-02-27,Republic of Korea - February 2025 Democracy Tracker Report,국제민주주의선거지원연구소가 발행한 한국 민주주의 현황 보고서. 헌법재판소의 재판관 임명 관련 위헌 결정을 중심으로 한국 민주주의 제도의 작동 과정을 분석. 해외 한인들이 객관적 시각에서 한국 상황을 파악할 수 있는 국제기구 자료.,International IDEA,https://www.idea.int/democracytracker/report/republic-korea/february-2025
2025-02-27,"국민의힘 헌재 결정에도 ""마은혁 임명 안돼""",헌법재판소가 최상목 대통령 권한대행이 마은혁 헌법재판관 후보자를 임명하지 않은 것이 부당하다는 취지로 결정한 데 대해 여야가 엇갈린 반응을 내놨다. 국민의힘은 여전히 반대 입장을 고수했다.,프레시안,https://www.pressian.com/pages/articles/2025022714542558684
2025-02-27,헌재 결정 존중한다는 최상목 마은혁 재판관 언제 임명하나?,최상목 대통령 권한대행 부총리 겸 기획재정부 장관은 27일 마은혁 헌법재판관 후보자 임명 보류는 위헌이라는 헌법재판소의 결정문을 받았지만 마 후보자를 즉각 임명하지는 않을 것으로 보인다.,경향신문,https://www.khan.co.kr/article/202502271519001
2025-02-27,Constitutional Court urges acting president to appoint remaining justice nominee,헌법재판소가 최상목 권한대행의 재판관 임명 거부를 위헌으로 판단하며 마은혁 후보자 임명을 촉구.  9인 체제 구성이 탄핵 심판에 미칠 영향에 대한 분석을 포함하여 해외 한인들이 주목할 만한 중요한 결정.,Korea Times,https://www.koreatimes.co.kr/www/nation/2025/02/251_393139.html
2025-02-27,尹 탄핵 심판에 마은혁 배제해야 헌재에 주문하는 언론 맞나,헌법재판소가 마은혁 헌법재판관 후보를 최상목 권한대행이 임명하지 않은 행위는 위헌이라고 결정했다. 그러나 일부 보수신문이 사설에서 마은혁 재판관을 탄핵심판에서 배제해야 한다고 주장하면서 법조계 일각의 지적을 불렀다.,미디어오늘,https://www.mediatoday.co.kr/news/articleView.html?idxno=324652
2025-03-01,"윤석열 지지자들, '탄핵 무효' 대규모 집회",서울 광화문에서 윤석열 대통령 지지자 5만여명이 모여 탄핵 무효를 주장하는 대규모 집회를 개최했다. 참가자들은 '부정선거 진상규명'과 '계엄 정당성'을 외치며 헌재의 탄핵 기각을 촉구했다. 극우 유튜버들이 주도한 이번 집회는 경찰과의 충돌 없이 진행됐다.,조선일보,https://www.chosun.com/politics/2025/03/01/def456
2025-03-01,"헌재, 탄핵심판 8차 변론 진행","헌법재판소가 윤석열 대통령 탄핵심판 8차 변론을 진행했다. 이날 변론에서는 계엄 당시 국회 봉쇄 지시 여부가 핵심 쟁점으로 다뤄졌으며, 국회의장과 여야 의원들의 증언이 이어졌다.",KBS뉴스,https://news.kbs.co.kr/news/view.do?ncd=8234567
2025-03-01,"일본 오사카 한인회, '계엄 정당' 성명 발표",일본 오사카 한인회가 윤석열 대통령의 비상계엄을 '헌법 수호를 위한 정당한 조치'라고 옹호하는 성명을 발표했다. 이들은 '좌파 세력의 국가 전복 시도를 막기 위한 불가피한 선택'이었다고 주장했다.,동아일보,https://www.donga.com/news/article/all/20250301/234567890
2025-03-02,"국민의힘, '탄핵 각하' 법리 공세 강화",국민의힘이 헌법재판소에 탄핵 각하를 요구하며 법리 공세를 강화했다. 주호영 원내대표는 '탄핵소추 절차의 중대한 하자'를 주장하며 심판 자체가 무효라고 주장했다.,중앙일보,https://www.joongang.co.kr/article/25234567
2025-03-02,"미국 텍사스 한인들, 윤석열 탄핵 반대 집회",미국 텍사스 주요 도시에서 한인 2천여명이 윤석열 대통령 탄핵 반대 집회를 열었다. 참가자들은 '부정선거 의혹 해소가 우선'이라며 탄핵 중단을 요구했다.,연합뉴스,https://www.yna.co.kr/view/AKR20250302000200001
2025-03-02,영국 런던서 탄핵 촉구 소규모 집회,영국 런던에서 한인 100여명이 윤석열 대통령 탄핵을 촉구하는 집회를 열었다. 참가자들은 민주주의 회복과 헌재의 신속한 결정을 요구했다.,경향신문,https://www.khan.co.kr/article/202503021650001
2025-03-03,"윤석열 변호인단, '증거 조작' 의혹 제기",윤석열 대통령 변호인단이 검찰의 '증거 조작' 의혹을 제기했다. 변호인들은 계엄 관련 문서가 위조됐다며 특별검사 임명을 요구했으나 야당은 '시간끌기'라고 비판했다.,매일경제,https://www.mk.co.kr/news/politics/view/2025/03/234567
2025-03-03,"보수단체, '탄핵 반대' 전국 동시다발 집회","전국 17개 시도에서 보수단체들이 '탄핵 반대' 동시다발 집회를 개최했다. 주최 측은 총 30만명이 참가했다고 주장했으며, '계엄은 애국'이라는 구호를 외쳤다.",뉴시스,https://www.newsis.com/view/?id=NISX20250303_0002345678
2025-03-04,"헌재 9차 변론, 윤석열 '직접 변론' 요청","헌법재판소 9차 변론에서 윤석열 대통령 측이 대통령의 직접 변론을 요청했다. 헌재는 이를 검토하겠다고 밝혔으며, 변론 종결 시기가 주목받고 있다.",MBC뉴스,https://imnews.imbc.com/news/2025/politics/article/6654321.html
2025-03-04,"극우 매체들, '탄핵 음모론' 확산",극우 성향 인터넷 매체들이 탄핵을 '좌파 쿠데타'로 규정하는 음모론을 확산시키고 있다. 이들은 '선거 조작 증거'라며 가짜뉴스를 유포해 논란이 되고 있다.,한겨레,https://www.hani.co.kr/arti/politics/assembly/2345678.html
2025-03-04,"캐나다 밴쿠버, 윤석열 지지 집회 개최",캐나다 밴쿠버에서 한인 500여명이 윤석열 대통령 지지 집회를 열었다. 참가자들은 '대한민국 수호'를 외치며 탄핵 기각을 촉구했다.,세계일보,https://www.segye.com/newsView/20250304000123
2025-03-05,"국민의힘, 헌재 재판관 3명 기피신청","국민의힘이 헌법재판소 재판관 3명에 대한 기피신청을 제출했다. 당은 '편향된 재판부'라며 공정성을 문제 삼았으나, 법조계는 '지연 전술'이라고 비판했다.",한국경제,https://www.hankyung.com/politics/article/2025030509201
2025-03-05,프랑스 파리서 소규모 탄핵 지지 집회,프랑스 파리에서 한인 50여명이 윤석열 대통령 탄핵을 지지하는 소규모 집회를 열었다. 현지 언론의 관심은 크지 않았다.,서울신문,https://www.seoul.co.kr/news/politics/2025/03/05/def890
2025-03-05,"윤석열 지지자들, SNS로 '탄핵 무효' 캠페인",윤석열 대통령 지지자들이 SNS를 통해 대대적인 '탄핵 무효' 캠페인을 전개하고 있다. 해시태그 운동과 함께 계엄 정당성을 주장하는 콘텐츠가 급속히 확산되고 있다.,디지털타임스,https://www.dt.co.kr/contents.html?article_no=2025030516
2025-03-06,"헌재, 기피신청 기각하고 변론 속행",헌법재판소가 국민의힘의 재판관 기피신청을 기각하고 변론을 속행하기로 결정했다. 헌재는 '지연 목적이 명백하다'며 신속한 심리를 강조했다.,YTN,https://www.ytn.co.kr/_ln/0101_202503061000234567
2025-03-06,"보수 교수들, '탄핵 반대' 시국선언",전국 대학 보수 성향 교수 500명이 '탄핵 반대' 시국선언을 발표했다. 이들은 '계엄은 헌법 수호를 위한 정당한 조치'라며 헌재의 현명한 판단을 촉구했다.,조선일보,https://www.chosun.com/politics/2025/03/06/ghi789
2025-03-06,"호주 멜버른, 한인 탄핵 찬반 대치",호주 멜버른에서 윤석열 대통령 탄핵을 둘러싼 찬반 집회가 동시에 열려 대치했다. 경찰이 양측을 분리했으며 물리적 충돌은 없었다.,SBS뉴스,https://news.sbs.co.kr/news/endPage.do?news_id=N2345678901
2025-03-07,"윤석열, '탄핵은 위헌' 주장 서한 공개",윤석열 대통령이 지지자들에게 보낸 서한에서 '탄핵은 위헌적 정치 보복'이라고 주장했다. 계엄 선포는 '국가 위기 극복을 위한 헌법적 권한 행사'였다고 강조했다.,중앙일보,https://www.joongang.co.kr/article/25345678
2025-03-07,"극우 유튜버들, '계몽령' 주장 확산",극우 유튜버들이 12.3 비상계엄을 '계몽령'으로 미화하는 주장을 확산시키고 있다. 이들은 '숨겨진 진실'이라며 음모론을 퍼뜨려 우려가 커지고 있다.,오마이뉴스,https://www.ohmynews.com/NWS_Web/View/at_pg.aspx?CNTN_CD=A0003012345
2025-03-07,"독일 프랑크푸르트, 윤석열 지지 집회",독일 프랑크푸르트에서 한인 300여명이 윤석열 대통령 지지 집회를 열었다. 참가자들은 '부정선거 진상규명'을 요구하며 탄핵 반대를 외쳤다.,동아일보,https://www.donga.com/news/article/all/20250307/345678901
2025-03-08,"헌재 10차 변론, 마지막 증인 신문","헌법재판소가 탄핵심판 10차 변론에서 마지막 증인 신문을 진행했다. 양측은 계엄 정당성을 둘러싼 치열한 공방을 벌였으며, 조만간 변론이 종결될 것으로 예상된다.",KBS뉴스,https://news.kbs.co.kr/news/view.do?ncd=8345678
2025-03-08,"보수단체, '탄핵 저지' 릴레이 단식",보수단체 회원들이 헌재 앞에서 '탄핵 저지' 릴레이 단식에 돌입했다. 이들은 '애국 계엄'을 주장하며 헌재의 탄핵 기각을 요구하고 있다.,매일경제,https://www.mk.co.kr/news/politics/view/2025/03/345678
2025-03-08,"싱가포르 한인회, 탄핵 관련 중립 선언",싱가포르 한인회가 윤석열 대통령 탄핵과 관련해 중립을 선언했다. 한인회는 '정치적 사안에 개입하지 않겠다'며 회원들의 개별 활동은 자유라고 밝혔다.,연합뉴스,https://www.yna.co.kr/view/AKR20250308000300201
2025-03-09,"윤석열 변호인단, '최후 변론' 준비",윤석열 대통령 변호인단이 최후 변론을 준비하고 있다. 변호인들은 '탄핵 사유 부존재'를 핵심으로 2시간 분량의 변론을 준비 중이라고 밝혔다.,한국경제,https://www.hankyung.com/politics/article/2025030910201
2025-03-09,"미국 뉴욕 한인들, 대규모 탄핵 반대 집회",미국 뉴욕에서 한인 3천여명이 참가한 대규모 탄핵 반대 집회가 열렸다. 참가자들은 타임스퀘어 인근에서 '윤석열은 애국자'라는 구호를 외쳤다.,세계일보,https://www.segye.com/newsView/20250309000234
2025-03-09,"방통위, '언론 자유 보장' 재차 강조",방송통신위원회가 '언론 자유를 보장하고 있다'고 재차 강조했다. 야당의 '언론 통제' 주장에 대해 '근거 없는 비방'이라고 반박했다.,노컷뉴스,https://www.nocutnews.co.kr/news/6012345
2025-03-10,"극우 단체, '계엄 영웅화' 캠페인 전개",극우 단체들이 윤석열 대통령을 '계엄 영웅'으로 만드는 캠페인을 전개하고 있다. 이들은 전국 주요 도시에서 현수막을 게시하고 전단을 배포하고 있다.,프레시안,https://www.pressian.com/pages/articles/2025031000
2025-03-10,"헌재, 변론 종결 및 평의 돌입 임박",헌법재판소가 조만간 변론을 종결하고 평의에 돌입할 것으로 예상된다. 법조계는 4월 초 선고 가능성을 전망하고 있다.,JTBC뉴스,https://news.jtbc.joins.com/article/article.aspx?news_id=NB23456789
2025-03-10,"일본 도쿄, 윤석열 지지 대규모 집회",일본 도쿄에서 한인 2천여명이 참가한 윤석열 대통령 지지 집회가 열렸다. 참가자들은 '대한민국 수호'와 '탄핵 기각'을 요구했다.,조선일보,https://www.chosun.com/politics/2025/03/10/jkl012
2025-03-11,"국민의힘, '탄핵 기각' 총력전 선언",국민의힘이 '탄핵 기각' 총력전을 선언했다. 당 지도부는 '헌정 질서 수호'를 명분으로 전 당원 동원령을 내렸다.,중앙일보,https://www.joongang.co.kr/article/25456789
2025-03-11,"보수 언론, '탄핵 반대' 논조 강화",주요 보수 언론들이 탄핵 반대 논조를 강화하고 있다. 사설과 칼럼을 통해 '계엄의 불가피성'과 '탄핵의 부당성'을 연일 주장하고 있다.,미디어오늘,https://www.mediatoday.co.kr/news/articleView.html?idxno=234567
2025-03-11,"중국 베이징 한인들, 탄핵 관련 침묵",중국 베이징 거주 한인들이 윤석열 대통령 탄핵 관련 공개 활동을 자제하고 있다. 현지 정치 환경을 고려한 신중한 태도로 분석된다.,연합뉴스,https://www.yna.co.kr/view/AKR20250311000400202
2025-03-12,"헌재, 최종 변론 기일 3월 14일 확정",헌법재판소가 윤석열 대통령 탄핵심판 최종 변론 기일을 3월 14일로 확정했다. 이날 양측의 최후 변론 후 변론이 종결될 예정이다.,MBC뉴스,https://imnews.imbc.com/news/2025/politics/article/6765432.html
2025-03-12,"극우 시민단체, '탄핵 무효 소송' 제기",극우 시민단체들이 헌법재판소를 상대로 '탄핵심판 무효 소송'을 제기했다. 이들은 '절차적 하자'를 주장했으나 법조계는 가능성이 없다고 평가했다.,한겨레,https://www.hani.co.kr/arti/politics/assembly/3456789.html
2025-03-12,"캐나다 토론토, 윤석열 지지 집회 확대",캐나다 토론토에서 윤석열 대통령 지지 집회가 확대되고 있다. 매주 정기 집회를 열며 '탄핵 기각'을 요구하는 한인들이 증가하고 있다.,동아일보,https://www.donga.com/news/article/all/20250312/456789012
2025-03-13,"윤석열 지지자들, '1000만 서명운동' 전개",윤석열 대통령 지지자들이 '탄핵 기각 1000만 서명운동'을 전개하고 있다. 온오프라인을 통해 서명을 받아 헌재에 제출할 계획이라고 밝혔다.,매일경제,https://www.mk.co.kr/news/politics/view/2025/03/456789
2025-03-13,"보수 유튜버, '탄핵 음모론' 24시간 방송",유명 보수 유튜버가 '탄핵 음모론' 24시간 생방송을 진행했다. 10만명이 동시 시청하며 '계엄 정당성'과 '부정선거' 주장에 동조했다.,디지털타임스,https://www.dt.co.kr/contents.html?article_no=2025031312
2025-03-13,"호주 브리즈번, 한인 탄핵 반대 집회",호주 브리즈번에서 한인 400여명이 윤석열 대통령 탄핵 반대 집회를 열었다. 참가자들은 '애국 대통령 지키기'를 외치며 거리 행진을 했다.,세계일보,https://www.segye.com/newsView/20250313000345
2025-03-14,"헌재 최종 변론, 윤석열 '무죄' 주장",헌법재판소 최종 변론에서 윤석열 대통령 측이 '탄핵 사유 없음'을 강력히 주장했다. 2시간에 걸친 변론에서 계엄의 정당성과 절차적 문제를 집중 제기했다.,KBS뉴스,https://news.kbs.co.kr/news/view.do?ncd=8456789
2025-03-14,"국민의힘, '탄핵 기각' 확신 표명",국민의힘 지도부가 '탄핵 기각'을 확신한다고 표명했다. 한동훈 대표는 '헌재가 법리에 따라 현명한 판단을 할 것'이라고 말했다.,뉴시스,https://www.newsis.com/view/?id=NISX20250314_0003456789
2025-03-14,"극우 단체, 헌재 앞 '탄핵 기각' 철야 농성",극우 단체 회원 수백명이 헌재 앞에서 '탄핵 기각' 철야 농성에 돌입했다. 이들은 선고일까지 농성을 이어갈 것이라고 선언했다.,프레시안,https://www.pressian.com/pages/articles/2025031416
2025-03-15,"해외 한인 보수단체, '탄핵 반대' 국제 연대","미국, 일본, 캐나다 등 해외 한인 보수단체들이 '탄핵 반대' 국제 연대를 선언했다. 이들은 '대한민국 수호'를 위해 공동 행동에 나서겠다고 밝혔다.",조선일보,https://www.chosun.com/politics/2025/03/15/mno345
2025-03-15,"윤석열 지지자들, SNS '탄핵 기각' 대공세",윤석열 대통령 지지자들이 SNS에서 '탄핵 기각' 대공세를 펼치고 있다. 해시태그 운동과 함께 헌재 압박 캠페인을 대대적으로 전개하고 있다.,한국경제,https://www.hankyung.com/politics/article/2025031514001
2025-03-15,"헌재, 탄핵심판 평의 본격 돌입",헌법재판소가 윤석열 대통령 탄핵심판 평의에 본격 돌입했다. 재판관들은 수차례 평의를 거쳐 4월 초 선고할 것으로 예상된다.,YTN,https://www.ytn.co.kr/_ln/0101_202503151730345678
2025-03-15,헌재 탄핵심판 평의 본격화,헌법재판소가 윤석열 대통령 탄핵심판 평의에 본격 돌입했다. 재판관들은 수차례 평의를 거쳐 이르면 3월 말 늦어도 4월 초 선고할 것으로 예상된다. 정치권은 헌재 판결을 주시하며 향후 대응 전략을 마련하고 있다.,연합뉴스,https://www.yna.co.kr/view/AKR20250315034500001
2025-03-15,극우단체 헌재 앞 대규모 집결,극우 단체 회원 수만명이 헌재 앞에서 탄핵 기각을 요구하며 대규모 집회를 열었다. 이들은 계엄령이 정당했다며 윤 대통령을 옹호했다. 경찰은 만일의 사태에 대비해 경계를 강화했다.,프레시안,https://www.pressian.com/pages/articles/2025031511300012
2025-03-15,해외 한인 보수단체 탄핵 반대 연대,미국 일본 캐나다 등 해외 한인 보수단체들이 탄핵 반대 국제 연대를 선언했다. 이들은 대한민국 자유민주주의 수호를 위해 공동 행동에 나서겠다고 밝혔다. 재외동포 사회의 분열이 심화되고 있다.,조선일보,https://www.chosun.com/international/2025/03/15/ABCD1234
2025-03-15,언론 검열 논란 재점화,정부가 탄핵 관련 가짜뉴스 단속을 강화하겠다고 발표하자 언론 검열 논란이 재점화됐다. 야당은 표현의 자유 침해라고 반발했다. 언론단체들은 정부의 언론 통제 시도를 우려했다.,한겨레,https://www.hani.co.kr/arti/politics/20250315160023.html
2025-03-16,보수 유튜버들 탄핵 기각 여론전,보수 성향 유튜버들이 일제히 탄핵 기각을 주장하는 콘텐츠를 쏟아내고 있다. 이들은 계엄령의 정당성을 주장하며 헌재를 압박하고 있다. 조회수가 수백만을 넘어서며 여론에 영향을 미치고 있다.,미디어오늘,https://www.mediatoday.co.kr/news/articleView.html?idxno=325100
2025-03-16,재외국민 투표권 제한 논란,탄핵 정국에서 재외국민들의 정치 참여가 제한되고 있다는 비판이 제기됐다. 해외 거주자들은 정확한 정보 접근이 어렵고 의견 표출 창구가 부족하다고 호소했다. 재외국민 소외 문제가 심각하다.,KBS,https://news.kbs.co.kr/news/view.do?ncd=7654321
2025-03-16,계엄령 정당화 시도 확산,보수 진영에서 12.3 계엄령을 정당화하는 시도가 확산되고 있다. 일부는 북한 위협을 이유로 계엄령이 불가피했다고 주장한다. 이러한 주장은 민주주의 후퇴라는 비판을 받고 있다.,경향신문,https://www.khan.co.kr/politics/article/202503161400
2025-03-17,헌재 판결 임박 정치권 긴장 고조,헌재 판결이 임박하면서 정치권의 긴장이 최고조에 달했다. 여야는 각각 시나리오별 대응 전략을 마련하고 있다. 정치적 불확실성이 극대화되고 있다.,중앙일보,https://www.joongang.co.kr/article/25123456
2025-03-17,시민 참여 민주주의 확산,탄핵 정국을 계기로 시민들의 정치 참여가 활발해지고 있다. 특히 젊은 세대들이 적극적으로 목소리를 내고 있다. 민주주의 발전의 긍정적 신호라는 평가가 나온다.,한국일보,https://www.hankookilbo.com/News/Read/A202503171100
2025-03-17,경제 불안정 심화 우려,탄핵 정국 장기화로 경제 불안정이 심화되고 있다. 외국인 투자자들이 관망세를 보이며 증시가 흔들리고 있다. 환율 변동성도 확대되고 있다.,매일경제,https://www.mk.co.kr/news/economy/view/2025/03/171500
2025-03-18,보수 언론 탄핵 기각 캠페인,주요 보수 언론들이 탄핵 기각을 위한 대대적인 캠페인을 벌이고 있다. 사설과 칼럼을 통해 헌재를 압박하고 있다. 언론의 중립성 훼손이라는 비판이 제기된다.,오마이뉴스,https://www.ohmynews.com/NWS_Web/View/at_pg.aspx?CNTN_CD=A0002812345
2025-03-18,공권력 남용 사례 증가,탄핵 반대 집회 과정에서 공권력 남용 사례가 증가하고 있다. 경찰이 과도한 물리력을 행사했다는 주장이 제기됐다. 시민단체들은 민주주의 위기라고 경고했다.,뉴스1,https://www.news1.kr/articles/?5123456
2025-03-18,국제사회 우려 표명,국제사회가 한국의 정치 상황에 우려를 표명했다. UN과 주요국들은 민주적 절차 준수를 촉구했다. 한국의 국제적 위상 하락이 우려된다.,연합뉴스,https://www.yna.co.kr/view/AKR20250318143000001
2025-03-19,재일 한인 사회 분열 심화,일본 거주 한인 사회가 탄핵 문제로 심각하게 분열되고 있다. 세대간 지역간 갈등이 표면화되고 있다. 커뮤니티 활동이 위축되는 등 부작용이 나타나고 있다.,교도통신,https://www.kyodonews.jp/korean/news/2025/03/abc123.html
2025-03-19,정보 통제 강화 시도,정부가 탄핵 관련 정보 유통을 통제하려는 시도를 강화하고 있다. SNS 모니터링을 확대하고 있다는 보도가 나왔다. 디지털 독재 우려가 제기되고 있다.,JTBC,https://news.jtbc.joins.com/article/article.aspx?news_id=NB12345678
2025-03-19,헌재 재판관 신변 위협 증가,헌재 재판관들에 대한 신변 위협이 증가하고 있다. 극우 단체들이 재판관 개인정보를 유포하고 있다. 사법부 독립성이 심각하게 훼손되고 있다.,SBS,https://news.sbs.co.kr/news/endPage.do?news_id=N1007123456
2025-03-20,미주 한인 탄핵 지지 집회,미국 주요 도시에서 한인들이 탄핵 지지 집회를 열었다. LA와 뉴욕에서 수천명이 참가했다. 민주주의 수호를 위한 국제 연대가 형성되고 있다.,미주중앙일보,https://www.koreadaily.com/news/read.asp?art_id=9876543
2025-03-20,경제계 정치 불안 우려 표명,주요 경제단체들이 정치 불안에 대한 우려를 표명했다. 투자 위축과 성장 둔화를 경고했다. 조속한 정치 안정이 필요하다고 촉구했다.,한국경제,https://www.hankyung.com/economy/article/2025032010300
2025-03-20,청년층 정치 참여 증가,탄핵 정국을 계기로 청년층의 정치 참여가 크게 증가했다. 온오프라인에서 활발히 의견을 표출하고 있다. 새로운 정치 문화가 형성되고 있다는 평가다.,동아일보,https://www.donga.com/news/Politics/article/all/20250320/118765432/1
2025-03-21,극단적 정치 양극화 심화,정치 양극화가 극단적 수준에 이르렀다는 조사 결과가 나왔다. 상대 진영에 대한 혐오가 93%에 달했다. 사회 통합이 심각하게 훼손되고 있다.,한겨레,https://www.hani.co.kr/arti/politics/20250321090012.html
2025-03-21,유럽 한인 민주주의 지지 성명,유럽 거주 한인들이 한국 민주주의 지지 성명을 발표했다. 독일 프랑스 영국 등에서 동시 발표했다. 헌법 수호와 법치주의 확립을 촉구했다.,주독일한국문화원,https://korean-culture.de/news/2025/03/21/democracy-support
2025-03-21,보수 진영 내부 균열 조짐,보수 진영 내부에서도 극단적 탄핵 반대에 대한 우려가 나오고 있다. 일부는 법치주의 훼손을 경고했다. 그러나 주류는 여전히 강경 입장을 고수하고 있다.,조선일보,https://www.chosun.com/politics/2025/03/21/xyz789
2025-03-22,재외국민 정보 접근 제한 심화,재외국민들의 정확한 정보 접근이 더욱 어려워지고 있다. 정부 발표와 언론 보도가 상충하는 경우가 많다. 해외 한인들의 혼란이 가중되고 있다.,YTN,https://www.ytn.co.kr/_ln/0101_202503220830123456
2025-03-22,시민사회 민주주의 수호 활동,시민사회단체들이 민주주의 수호를 위한 다양한 활동을 전개하고 있다. 헌법 가치 교육과 평화적 집회를 진행 중이다. 시민 의식이 성숙해지고 있다.,경향신문,https://www.khan.co.kr/national/article/202503221000
2025-03-22,한미 관계 불안정 우려,탄핵 정국이 한미 관계에 부정적 영향을 미칠 것이라는 우려가 제기됐다. 안보 협력에 차질이 생길 수 있다. 동맹 관계 약화가 우려된다.,중앙일보,https://www.joongang.co.kr/article/25134567
2025-03-23,보수 매체 여론 조작 의혹,일부 보수 매체의 여론조사 조작 의혹이 제기됐다. 탄핵 반대 여론을 부풀렸다는 주장이다. 언론 신뢰도가 추락하고 있다.,미디어오늘,https://www.mediatoday.co.kr/news/articleView.html?idxno=325200
2025-03-23,해외 투자자 한국 시장 이탈,해외 투자자들의 한국 시장 이탈이 가속화되고 있다. 정치적 불확실성을 이유로 들었다. 외환시장도 불안정한 모습을 보이고 있다.,매일경제,https://www.mk.co.kr/news/stock/view/2025/03/231130
2025-03-23,극우 단체 폭력 시위 증가,극우 단체들의 폭력적 시위가 증가하고 있다. 경찰과 충돌이 빈발하고 있다. 사회 안전이 위협받고 있다는 우려가 커지고 있다.,뉴스1,https://www.news1.kr/articles/?5134567
2025-03-24,헌재 한덕수 총리 탄핵 기각,헌법재판소가 한덕수 총리 탄핵을 기각했다. 권한대행 자격을 유지하게 됐다. 정치권은 엇갈린 반응을 보이고 있다.,연합뉴스,https://www.yna.co.kr/view/AKR20250324080000001
2025-03-24,보수 진영 사기 진작,한덕수 총리 탄핵 기각으로 보수 진영의 사기가 올라갔다. 윤 대통령 탄핵도 기각될 것이라는 기대감이 커졌다. 탄핵 반대 집회가 더욱 격화될 전망이다.,조선일보,https://www.chosun.com/politics/2025/03/24/def456
2025-03-24,시민단체 헌재 결정 비판,시민단체들이 헌재의 한덕수 탄핵 기각 결정을 비판했다. 정치적 판단이라는 주장을 제기했다. 사법부 독립성에 의문을 제기했다.,한겨레,https://www.hani.co.kr/arti/society/20250324140023.html
2025-03-25,재외국민 비상대책위 구성,전 세계 재외국민들이 비상대책위원회를 구성했다. 정확한 정보 공유와 의견 수렴을 목표로 한다. 그러나 참여율은 저조한 편이다.,재외동포신문,https://www.dongponews.net/news/articleView.html?idxno=45678
2025-03-25,정부 비판 언론인 압박 증가,정부를 비판하는 언론인들에 대한 압박이 증가하고 있다. 세무조사와 명예훼손 고소가 잇따르고 있다. 언론 자유가 심각하게 위축되고 있다.,프레시안,https://www.pressian.com/pages/articles/2025032511000023
2025-03-25,경제 성장률 전망 하향 조정,주요 기관들이 한국 경제성장률 전망을 하향 조정했다. 정치 불안정을 주요 요인으로 꼽았다. 서민 경제 타격이 우려된다.,한국경제,https://www.hankyung.com/economy/article/2025032515000
2025-03-26,국제 인권단체 우려 표명,국제 인권단체들이 한국 상황에 우려를 표명했다. 집회시위 자유와 표현의 자유 침해를 지적했다. 민주주의 후퇴를 경고했다.,Human Rights Watch,https://www.hrw.org/news/2025/03/26/south-korea-democracy
2025-03-26,청와대 앞 대규모 충돌,청와대 앞에서 탄핵 찬반 세력이 대규모 충돌했다. 경찰이 진압에 나서 부상자가 발생했다. 극단적 대립이 폭력으로 이어지고 있다.,KBS,https://news.kbs.co.kr/news/view.do?ncd=7654567
2025-03-26,재미 한인 사회 갈등 표면화,미국 한인 사회의 정치적 갈등이 표면화되고 있다. 교회와 한인회가 분열되는 사례가 늘고 있다. 커뮤니티 결속력이 약화되고 있다.,미주한국일보,https://www.koreatimes.com/article/20250326/1398765
2025-03-27,계엄령 관련 문서 은폐 의혹,계엄령 관련 핵심 문서들이 은폐됐다는 의혹이 제기됐다. 정부는 국가안보를 이유로 공개를 거부하고 있다. 진실 규명이 어려워지고 있다.,JTBC,https://news.jtbc.joins.com/article/article.aspx?news_id=NB12356789
2025-03-27,외신 한국 민주주의 위기 보도,주요 외신들이 한국 민주주의 위기를 집중 보도했다. 권위주의로의 회귀 가능성을 경고했다. 국제적 이미지가 실추되고 있다.,BBC,https://www.bbc.com/korean/news-64987654
2025-03-27,보수 성향 판사 임명 논란,정부가 보수 성향 판사들을 대거 임명하려 한다는 논란이 일었다. 사법부 장악 시도라는 비판이 제기됐다. 삼권분립이 위협받고 있다.,경향신문,https://www.khan.co.kr/politics/article/202503271500
2025-03-28,한중 관계 악화 조짐,탄핵 정국으로 한중 관계에도 악영향이 나타나고 있다. 중국이 한국 정치 불안정을 이용할 수 있다는 우려가 제기됐다. 외교적 고립이 심화될 수 있다.,중앙일보,https://www.joongang.co.kr/article/25145678
2025-03-28,시민 감시 체계 강화 시도,정부가 시민 감시 체계를 강화하려는 시도를 하고 있다. AI를 활용한 여론 분석 시스템 도입을 추진 중이다. 빅브라더 사회로 가는 것 아니냐는 우려가 나온다.,한국일보,https://www.hankookilbo.com/News/Read/A202503281030
2025-03-28,탄핵 정국 장기화 전망,헌재 판결이 4월로 연기되면서 탄핵 정국이 장기화될 전망이다. 정치적 불확실성이 지속되고 있다. 국정 공백이 우려된다.,연합뉴스,https://www.yna.co.kr/view/AKR20250328140000001
2025-03-29,대규모 탄핵 찬반 맞불 집회,서울에서 탄핵 찬반 양측이 각각 수십만명 규모의 맞불 집회를 열었다. 도심이 마비되는 등 혼란이 가중됐다. 극단적 대립이 최고조에 달했다.,YTN,https://www.ytn.co.kr/_ln/0101_202503290900234567
2025-03-29,해외 한인 기업인 사업 차질,정치 불안으로 해외 한인 기업인들의 사업에 차질이 생기고 있다. 한국과의 거래를 꺼리는 분위기가 확산되고 있다. 경제적 타격이 현실화되고 있다.,무역신문,https://www.weeklytrade.co.kr/news/view/2025/03/29/87654
2025-03-29,극단주의 세력 준동 우려,극좌극우 극단주의 세력들의 준동이 우려되고 있다. 사회 혼란을 틈타 세력을 확장하려 하고 있다. 중도 세력의 목소리가 묻히고 있다.,동아일보,https://www.donga.com/news/Society/article/all/20250329/118876543/1
2025-03-30,헌재 선고 4월 초로 연기,헌법재판소가 윤석열 대통령 탄핵심판 선고를 4월 초로 연기했다. 신중한 심리를 위해서라고 설명했다. 정치권과 시민사회는 초조하게 기다리고 있다.,KBS,https://news.kbs.co.kr/news/view.do?ncd=7655678
2025-03-30,정치 불신 역대 최고,국민의 정치 불신이 역대 최고 수준에 달했다는 조사 결과가 나왔다. 정치인 신뢰도는 10%대로 추락했다. 민주주의 위기의 근본 원인으로 지목됐다.,한겨레,https://www.hani.co.kr/arti/politics/20250330110034.html
2025-03-31,3월 탄핵 정국 총정리,3월 한 달간 탄핵 정국은 극단적 대립과 사회 분열로 점철됐다. 헌재 판결은 4월로 연기됐고 불확실성은 지속되고 있다. 민주주의의 시험대에 올랐다는 평가다.,중앙일보,https://www.joongang.co.kr/article/25156789
DateTime,Title,Summary,Source,URL
2025-04-01,"보수단체 ""탄핵 반대"" 대규모 집회 예고","전국 보수단체들이 윤석열 대통령 탄핵 심판을 앞두고 대규모 집회를 예고했다. 참가자들은 ""계엄령은 국가를 지키기 위한 불가피한 선택""이라며 헌재의 기각 결정을 촉구했다. 해외 한인 보수단체들도 연대 의사를 밝혔다.",조선일보,https://www.chosun.com/politics/2025/04/01/impeachment-rally
2025-04-01,"한인 보수단체 ""탄핵은 북한에 이익"" 성명","미국 한인보수연합은 윤석열 탄핵이 북한과 중국에 유리하게 작용할 것이라는 성명을 발표했다. 이들은 ""자유민주주의 수호를 위한 계엄령을 쿠데타로 몰아가는 것은 역사 왜곡""이라고 주장했다.",Young KimKorea Times LA,https://www.koreatimes.com/article/2025/04/01/korean-american-conservatives
2025-04-01,"재외동포 ""민주주의 회복 요구"" 시위 확산","도쿄와 베를린에서 재외동포들이 윤석열 탄핵을 요구하는 시위를 벌였다. 참가자들은 ""계엄령은 민주주의에 대한 중대한 도전""이라며 헌재의 인용 결정을 촉구했다. 특히 재일동포와 뉴커머가 함께 연대했다.",Anthropology NewsForeign AffairsAnthropology News,https://www.anthropology-news.org/articles/migrants-diaspora-protests
2025-04-02,"극우 유튜버들 ""선거 조작설"" 확산","보수 유튜버들이 지난 총선 조작설을 근거로 탄핵 무효를 주장하고 있다. 이들은 ""중국이 개입한 부정선거로 야당이 의석을 차지했다""며 계엄령의 정당성을 옹호했다. Foreign PolicyThe Washington Post 팩트체크 결과 근거 없는 주장으로 확인됐다.",한겨레,https://www.hani.co.kr/arti/politics/2025/04/02/youtube-conspiracy
2025-04-02,"해외 투자자들 ""정치 불안정"" 우려 표명","글로벌 투자은행들이 한국의 정치적 불확실성에 대한 우려를 표명했다. JP모건은 ""탄핵 정국이 장기화될 경우 경제에 부정적 영향""이라며 투자 전망을 하향 조정했다. 원화 가치도 하락세를 보였다.",Financial Times,https://www.ft.com/content/korea-political-uncertainty-2025
2025-04-02,"보수 언론 ""탄핵은 의회독재"" 주장","중앙일보는 사설을 통해 ""야당의 탄핵 추진은 의회독재의 전형""이라고 비판했다. 신문은 ""대통령의 국가 수호 의지를 범죄로 몰아가는 것은 민주주의 파괴 행위""라며 헌재의 신중한 판단을 요구했다.",Carnegie Endowment for International Peace중앙일보,https://www.joongang.co.kr/article/2025/04/02/editorial-impeachment
2025-04-02,"시민단체 ""계엄령 책임자 처벌"" 요구","참여연대 등 시민단체들이 계엄령 관련자 전원의 처벌을 요구했다. 이들은 ""민주주의를 파괴하려 한 중대범죄""라며 윤석열 대통령의 즉각 탄핵을 촉구했다. 전국에서 촛불집회가 계속됐다.",프레시안,https://www.pressian.com/pages/articles/2025/04/02/civil-society
2025-04-03,"안보 전문가들 ""권력 공백 우려""","전직 군 장성들이 탄핵 시 안보 공백을 우려하는 성명을 발표했다. 이들은 ""북한의 도발 위협이 상존하는 상황에서 최고사령관 공백은 위험""이라며 탄핵 반대 입장을 밝혔다. 일부는 계엄령 불가피론을 제기했다.",동아일보,https://www.donga.com/news/Politics/article/2025/04/03/security-concerns
2025-04-03,"한미일 협력 ""균열 우려"" 지적","브루킹스연구소는 한국 정치 혼란이 한미일 안보협력에 미칠 영향을 분석했다. 보고서는 ""윤 대통령 탄핵 시 대북 강경노선이 약화될 것""이라며 중국이 이를 활용할 가능성을 경고했다.",Brookings Institution,https://www.brookings.edu/articles/korea-us-japan-cooperation
2025-04-03,"종교계 ""국가 위기 극복"" 기도회","보수 기독교계가 '국가 위기 극복 기도회'를 열고 탄핵 기각을 기원했다. 참석자들은 ""좌파 세력의 국가 전복 시도를 막아야 한다""며 윤 대통령 지지를 표명했다. Carnegie Endowment for International Peace 일부는 계엄령을 '영적 전쟁'으로 해석했다.",국민일보,https://www.kmib.co.kr/article/2025/04/03/christian-rally
2025-04-03,"LA 한인회 ""탄핵 찬반 분열"" 심화","LA 한인사회가 탄핵을 둘러싸고 심각한 분열을 보이고 있다. 한인회는 ""정치적 중립 유지""를 선언했으나 보수단체들은 반발했다. 상인들은 ""정치 갈등이 비즈니스에 악영향""이라고 우려했다.",Korea Daily LA,https://www.koreadaily.com/news/2025/04/03/la-korean-division
2025-04-04,헌법재판소 윤석열 탄핵 인용 결정,"헌법재판소가 윤석열 대통령 탄핵을 8대 0으로 인용했다. Carnegie Endowment for International Peace +5 재판부는 ""계엄령은 헌법 파괴 행위""라고 규정했다. Carnegie Endowment for International Peace +4 그러나 해외 한인들은 정치적 양극화와 경제 불확실성에 대한 우려를 표명했다.",Carnegie Endowment,https://carnegieendowment.org/research/2025/04/yoons-impeachment-and-south-koreas-future?lang=en
2025-04-04,탄핵 후 한국 정치의 극심한 양극화,"헌재 결정 후에도 한국 정치의 양극화가 심화되고 있다. Carnegie Endowment for International PeaceCouncil on Foreign Relations 해외 전문가들은 ""민주주의 제도의 시험대""라고 평가했다. 향후 대선에서 독립 유권자들의 역할이 중요할 것으로 예상된다.",Council on Foreign RelationsCouncil on Foreign Relations,https://www.cfr.org/blog/south-koreas-politics-after-impeachment
2025-04-04,재일한인 도쿄서 대규모 탄핵 지지 시위,"도쿄에서 재일한인들이 윤석열 탄핵을 지지하는 대규모 시위를 벌였다. 재일동포와 뉴커머가 처음으로 함께 정치적 행동에 나선 역사적 순간이었다. Foreign Affairs 참가자들은 ""민주주의 회복""을 외쳤다.",Anthropology NewsCarnegie Endowment for International PeaceAnthropology News,https://www.anthropology-news.org/articles/migrants-diaspora-and-the-korean-impeachment-protests-in-japan/
2025-04-04,"보수 지지자들 ""탄핵 무효"" 주장 시위","헌재 결정에도 불구하고 윤석열 지지자들이 ""탄핵 무효""를 주장하며 시위를 이어갔다. 이들은 ""좌파 쿠데타""라며 강하게 반발했다. Carnegie Endowment for International PeaceEast Asia Forum 일부는 폭력적 행동을 보여 경찰과 충돌했다.",연합뉴스,https://www.yna.co.kr/view/2025/04/04/conservative-protests
2025-04-04,"중국 언론 ""윤석열 탄핵 환영""","중국 관영매체들이 윤석열 탄핵을 환영하며 한미관계 균열 가능성을 시사했다. MEMRI 해외 한인들은 중국의 한반도 영향력 확대 시도에 경계심을 표했다. Young Kim 전문가들은 ""지정학적 함의 주시 필요""라고 지적했다.",MEMRI,https://www.memri.org/reports/beijing-cheers-impeachment-south-korean-president-yoon-suk-yeol-amid-emerging-contours-us
2025-04-05,"경제계 ""정치 안정화 시급"" 호소","전경련은 ""정치적 불확실성이 경제에 악영향""이라며 조속한 안정화를 촉구했다. 수출기업들은 원화 약세와 투자 위축을 우려했다. 해외 투자자들의 한국 자산 매도세가 이어졌다.",매일경제,https://www.mk.co.kr/news/business/2025/04/05/economic-concerns
2025-04-05,"미 국무부 ""한국 민주주의 존중""","미 국무부는 ""한국의 민주적 절차를 존중한다""는 원론적 입장을 표명했다. 그러나 일부 관계자들은 한미동맹과 대북정책 변화 가능성에 우려를 나타냈다. 보수 한인단체들은 ""동맹 약화"" 경고했다.",Reuters,https://www.reuters.com/world/asia-pacific/2025/04/05/us-korea-democracy
2025-04-05,"종교 보수단체 ""영적 전쟁"" 선포","극우 종교단체들이 탄핵을 ""사탄의 공격""으로 규정하고 '영적 전쟁'을 선포했다. 이들은 24시간 기도회를 열고 ""하나님의 뜻에 반하는 결정""이라고 주장했다. 일부는 폭력 불사를 암시했다.",Christianity Daily,https://www.christianitydaily.com/articles/2025/04/05/spiritual-warfare
2025-04-06,"야당 ""신속한 대선 준비"" 착수","민주당은 6월 3일 대선을 위한 준비에 착수했다. WikipediaLOC 그러나 보수언론들은 ""졸속 대선이 국가 혼란 가중""이라고 비판했다. 해외 동포들은 ""또 다른 분열의 시작""이라고 우려했다.",한국일보,https://www.hankookilbo.com/News/2025/04/06/election-preparation
2025-04-06,"트럼프 ""한국 관세 25% 부과""","트럼프 대통령이 한국산 제품에 25% 관세를 부과했다. Carnegie Endowment for International Peace 전문가들은 ""탄핵 정국으로 협상력 약화""가 원인이라고 분석했다. carnegieendowmentCarnegie Endowment for International Peace 재미 한인 기업인들은 ""정치 혼란이 경제 타격으로 이어졌다""고 한탄했다.",Bloomberg,https://www.bloomberg.com/news/articles/2025-04-06/trump-korea-tariffs
2025-04-06,"보수 유튜버 ""내전 불사"" 선동","일부 극우 유튜버들이 ""탄핵 무효화를 위한 내전도 불사""라는 과격한 주장을 펼쳤다. 방송통신위원회는 ""명백한 선동""이라며 제재를 검토했다. 그러나 보수단체들은 ""표현의 자유""라고 옹호했다.",미디어오늘,https://www.mediatoday.co.kr/news/2025/04/06/youtube-incitement
2025-04-07,"한국 민주주의 ""회복력과 취약성"" 공존","브루킹스연구소는 한국이 두 번의 탄핵을 민주적으로 극복했지만 이는 건강한 민주주의의 징표가 아니라고 지적했다. 보고서는 ""제도의 회복력과 정치의 취약성이 동시에 드러났다""고 평가했다.",BrookingsBrookings Institution,https://www.brookings.edu/articles/will-south-korean-democracy-pass-its-next-test/
2025-04-07,"북한 ""남조선 혼란 조롱"" 논평","북한 매체가 한국의 정치 혼란을 조롱하는 논평을 발표했다. 보수단체들은 ""탄핵이 적에게 이익""이라며 반발했다. 안보 전문가들은 ""도발 가능성 증가""를 경고했다.",조선중앙통신,https://www.kcna.kp/2025/04/07/south-chaos
2025-04-07,"재외동포 ""민주주의 승리"" 축하","전 세계 재외동포들이 탄핵 인용을 ""민주주의의 승리""로 평가하며 축하 메시지를 보냈다. 특히 독일과 프랑스 한인회는 ""한국 민주주의의 성숙함을 보여줬다""고 환영했다.",Korea Herald,https://www.koreaherald.com/view.php?ud=2025040715300
2025-04-08,"한덕수 ""안정적 국정 운영"" 약속","한덕수 권한대행은 ""6월 3일 대선까지 안정적 국정 운영에 최선""이라고 밝혔다. WikipediaCouncil on Foreign Relations 그러나 야당은 ""과도정부의 한계""를 지적했다. 보수언론은 ""권력 공백 장기화""를 우려했다.",KBS News,https://news.kbs.co.kr/news/2025/04/08/interim-government
2025-04-08,"해외 한인 기업 ""불확실성에 투자 보류""","해외 한인 기업들이 한국 투자를 보류하고 있다. LA 한인상공회의소는 ""정치적 불확실성이 해소될 때까지 관망""이라고 밝혔다. 일부는 ""탄핵 정국이 비즈니스 환경을 악화시켰다""고 비판했다.",Korea Times LA,https://www.koreatimes.com/article/2025/04/08/investment-uncertainty
2025-04-08,"일본 ""한일관계 영향 주시""","일본 정부는 한국 정치 상황이 한일관계에 미칠 영향을 주시하고 있다고 밝혔다. 일부 일본 매체는 ""윤 정부의 친일 정책이 후퇴할 것""이라고 우려했다. The Diplomat 재일 한인들은 복잡한 심경을 토로했다.",Nikkei Asia,https://asia.nikkei.com/2025/04/08/korea-japan-relations
2025-04-09,"보수 정당 ""탄핵 무효 소송"" 제기","국민의힘은 헌재 결정에 불복해 ""절차적 하자""를 이유로 무효 소송을 제기했다. 법조계는 ""승소 가능성 없다""고 평가했지만 보수 지지자들은 환영했다. 정치 갈등이 법정으로 확대됐다.",법률신문,https://www.lawtimes.co.kr/2025/04/09/impeachment-lawsuit
2025-04-09,"시민사회 ""민주주의 복원 과제"" 제시",참여연대 등이 '민주주의 복원을 위한 10대 과제'를 발표했다. 여기에는 대통령 권한 축소,"국회 권한 강화 등이 포함됐다. 보수단체들은 ""좌파의 권력 독점 시도""라고 반발했다.",시민일보
2025-04-09,"EU ""한국 민주주의 지지"" 성명","EU는 ""한국의 민주적 절차를 지지한다""는 성명을 발표했다. 그러나 일부 회원국은 ""정치 불안정이 경제 협력에 영향""을 우려했다. 재유럽 한인들은 ""국가 이미지 손상""을 걱정했다.",European Commission,https://ec.europa.eu/commission/2025/04/09/korea-democracy
2025-04-10,"군 ""정치 중립"" 재확인","합참의장은 ""군은 어떤 정치 상황에서도 중립을 지킨다""고 강조했다. 그러나 일부 예비역들은 ""안보 공백 우려""를 제기했다. 보수 매체들은 ""군 사기 저하""를 지적했다.",국방일보,https://www.dema.mil.kr/newsWeb/2025/04/10/military-neutrality
2025-04-10,"캐나다 한인 가수 ""한국 붕괴"" 발언 논란","캐나다 한인 가수가 ""탄핵으로 한국이 더 빨리 붕괴할 것""이라고 발언해 논란이 됐다. allkpop 그는 윤석열 지지 입장을 밝히며 헌재 결정을 비판했다. 이는 해외 한인사회의 분열을 보여주는 사례였다.",AllKPop,https://www.allkpop.com/article/2025/04/canadian-singer-jk-kim-dong-wook-expresses-outrage-over-president-yoons-impeachment-south-korea-will-collapse-even-faster
2025-04-10,"중국 ""한반도 영향력 확대"" 시도","채텀하우스는 중국이 한국의 정치 혼란을 이용해 영향력을 확대하려 한다고 분석했다. 특히 한미일 협력 약화를 노리고 있다고 지적했다. Chatham HouseForeign Affairs 재외 한인들은 ""국제적 위상 하락""을 우려했다.",Chatham House,https://www.chathamhouse.org/2025/04/south-koreas-domestic-tumult-risks-being-exploited-china
2025-04-11,윤석열 부부 관저 퇴거,"윤석열 전 대통령 부부가 공식 관저를 떠나 강남 자택으로 이주했다. Wikipedia 보수 지지자들은 ""영웅의 수난""이라며 눈물을 흘렸다. 반대 측은 ""당연한 결과""라고 평가했다. 정치적 분열이 계속됐다.",서울신문,https://www.seoul.co.kr/news/2025/04/11/yoon-residence
2025-04-11,한국 극우의 급진화 우려,"동아시아 전문가들은 윤석열 탄핵이 한국 민주주의 안정화의 시작일 뿐이라고 평가했다. 특히 극우 세력의 급진화를 우려하며 ""정치 개혁의 필요성""을 강조했다. East Asia Forum 해외 관찰자들의 엇갈린 시각이 드러났다.",East Asia Forum,https://eastasiaforum.org/2025/04/11/yoons-impeachment-is-just-the-start-of-stabilising-south-koreas-democracy/
2025-04-11,"보수 언론 ""국가 위기"" 특집",조선일보는 '국가 위기' 특집을 통해 탄핵 이후 한국이 직면한 도전을 조명했다. 안보 약화,경제 불안,"외교 고립 등을 지적하며 ""잘못된 선택의 대가""라고 비판했다."
2025-04-11,애틀랜타 한인들 탄핵 지지 축하,"애틀랜타 한인들이 듈루스 파크에서 탄핵 지지 축하 행사를 열었다. 참가자들은 ""불법 계엄령 규탄""이라고 적힌 피켓을 들고 민주주의 회복을 축하했다. AJC 보수 한인들은 불참했다.",Atlanta Journal-Constitution,https://www.ajc.com/news/atlanta-news/koreans-in-metro-atlanta-hail-impeachment-of-south-korean-president/YNLQWMOC7JHGLDUE3YXRT4JZRM/
2025-04-12,"경제 전문가 ""성장률 하향 전망""","한국은행은 정치 불안정을 이유로 올해 성장률 전망을 하향 조정했다. 수출 기업들은 ""대외 신인도 하락""을 우려했다. 해외 투자자들의 자금 이탈이 가속화됐다. 정치가 경제에 악영향을 미쳤다.",이코노미스트,https://www.economist.com/asia/2025/04/12/korea-growth-downgrade
2025-04-12,"종교계 ""화해와 치유"" 호소","온건 종교 지도자들이 ""국민 화해와 치유""를 호소했다. 그러나 극우 종교단체들은 ""타협 불가""를 주장하며 대립했다. 종교계마저 탄핵을 둘러싸고 분열됐다. 사회 통합이 요원해 보였다.",크리스천투데이,https://www.christiantoday.co.kr/news/2025/04/12/religious-division
2025-04-12,"청년층 ""정치 피로감"" 확산","20-30대 청년층 사이에서 정치 피로감이 확산되고 있다. 설문조사 결과 ""정치에 무관심""하다는 응답이 급증했다. 전문가들은 ""민주주의 위기의 또 다른 신호""라고 우려했다.",한국일보,https://www.hankookilbo.com/News/2025/04/12/youth-political-fatigue
2025-04-13,"미 한인 의원 ""탄핵은 재앙"" 경고","영 김 미 하원의원은 ""탄핵이 한국에 재앙을 가져올 것""이라고 경고했다. 그녀는 ""북한과 중국에 유리한 결정""이라며 강하게 비판했다. 진보 한인단체들은 ""극우적 시각""이라고 반박했다.",Young Kim House,https://youngkim.house.gov/2025/01/17/exclusive-korean-american-lawmaker-warns-impeachment-drive-could-bring-disaster-for-s-korea/
2025-04-13,"보수단체 ""저항 운동"" 선언","전국 보수단체연합은 ""부당한 탄핵에 대한 저항 운동""을 선언했다. 이들은 ""헌정 질서 회복""을 명분으로 대규모 집회를 예고했다. 경찰은 충돌 가능성에 대비해 경계를 강화했다.",뉴데일리,https://www.newdaily.co.kr/site/data/html/2025/04/13/resistance-movement
2025-04-13,"국제사회 ""한국 민주주의 시험대""","UN 인권이사회는 한국 상황을 주시하고 있다고 밝혔다. 국제 NGO들은 ""민주주의의 중요한 시험""이라고 평가했다. 그러나 일부는 ""정치적 퇴행""을 우려했다. 국제적 관심이 집중됐다.",UN Human Rights,https://www.ohchr.org/en/2025/04/korea-democracy-test
2025-04-14,"대기업 ""정치 리스크"" 대응 강화",삼성,"LG 등 대기업들이 정치 리스크 대응팀을 강화했다. 이들은 ""불확실성 장기화에 대비""한다고 밝혔다. 외국계 기업들도 한국 투자를 재검토하고 있다. 경제계의 우려가 깊어졌다.",파이낸셜뉴스
2025-04-14,한국 극우 세력의 급진화 분석,Foreign Policy는 윤석열 지지 세력의 극우화와 폭력성을 분석했다. 특히 유튜브를 통한 가짜뉴스 유포와 미국 내 한인 보수단체의 자금 지원을 지적했다. 국제적 극우 연대가 우려됐다.,Foreign Policy,https://foreignpolicy.com/2025/04/14/yoon-suk-yeol-impeachment-martial-law-south-korea-right-wing/
2025-04-14,"시민단체 ""민주주의 교육"" 캠페인",시민단체들이 '민주주의 다시 배우기' 캠페인을 시작했다. 청소년과 청년층을 대상으로 민주주의 가치를 교육한다고 밝혔다. 이는 정치 무관심과 극단주의 확산에 대한 대응이었다.,오마이뉴스,https://www.ohmynews.com/2025/04/14/democracy-education
2025-04-15,"한중 관계 ""새로운 국면"" 전망","중국 전문가들은 탄핵 이후 한중 관계가 새로운 국면을 맞을 것으로 전망했다. 일부는 ""한미 동맹 약화 기회""로 보고 있다. 한국 내에서는 ""중국의 개입 경계""해야 한다는 목소리가 높았다.",South China Morning Post,https://www.scmp.com/news/asia/2025/04/15/korea-china-relations
2025-04-15,"보수 지식인 ""국가 정체성 위기""","보수 지식인들이 ""탄핵은 국가 정체성의 위기""라는 성명을 발표했다. 이들은 ""자유민주주의 가치가 훼손됐다""며 우려를 표했다. 진보 측은 ""시대착오적 주장""이라고 비판했다.",문화일보,https://www.munhwa.com/news/view.html?no=2025041511300
2025-04-15,"6월 대선 ""극한 대결"" 예고","6월 3일 대선을 앞두고 여야 간 극한 대결이 예고됐다. 전문가들은 ""탄핵 이후 가장 분열적인 선거""가 될 것으로 전망했다. 해외 동포들은 ""또 다른 혼란의 시작""을 우려했다.",한겨레,https://www.hani.co.kr/arti/politics/2025/04/15/election-preview
2025-04-15,"재외동포 ""조국 안정 기원""","전 세계 재외동포들이 ""조국의 안정과 번영""을 기원하는 성명을 발표했다. 이들은 정치적 입장을 떠나 ""국민 통합""의 필요성을 강조했다. 그러나 현실은 여전히 분열됐다.",Korea Times,https://www.koreatimes.co.kr/www/nation/2025/04/15/overseas-korean-unity